{"type":"FeatureCollection","features":[{"type":"Feature","properties":{"distrito":"San Borja","provincia":"Lima"},"geometry":{"type":"Polygon","coordinates":[[[-76.98406,-12.08473],[-76.98428,-12.08388],[-76.98734,-12.07993],[-76.98964,-12.0817],[-76.99348,-12.0817],[-76.99358,-12.08096],[-76.99586,-12.08161],[-76.99866,-12.08318],[-76.99949,-12.08342],[-77.00414,-12.08408],[-77.01002,-12.0849],[-77.01015,-12.08653],[-77.00985,-12.08896],[-77.00765,-12.08867],[-77.00771,-12.08986],[-77.01162,-12.0971],[-77.01212,-12.09911],[-77.01192,-12.10082],[-77.0105,-12.10729],[-77.00999,-12.10836],[-77.00961,-12.11238],[-76.99373,-12.11127],[-76.97826,-12.11022],[-76.98071,-12.09251],[-76.98127,-12.08874],[-76.98181,-12.08787],[-76.98364,-12.08653],[-76.98406,-12.08473]]]}},{"type":"Feature","properties":{"distrito":"Jesús María","provincia":"Lima"},"geometry":{"type":"Polygon","coordinates":[[[-77.04859,-12.08502],[-77.04637,-12.08303],[-77.04372,-12.08315],[-77.04197,-12.08289],[-77.04182,-12.08061],[-77.03632,-12.07987],[-77.03811,-12.06788],[-77.0376,-12.06428],[-77.04575,-12.06535],[-77.04974,-12.07017],[-77.06321,-12.08648],[-77.055,-12.09191],[-77.05327,-12.09302],[-77.05012,-12.08692],[-77.04859,-12.08502]]]}},{"type":"Feature","properties":{"distrito":"Pachacamac","provincia":"Lima"},"geometry":{"type":"Polygon","coordinates":[[[-76.71012,-12.11318],[-76.71082,-12.11506],[-76.71448,-12.11618],[-76.71714,-12.11771],[-76.71755,-12.11864],[-76.71757,-12.1204],[-76.71828,-12.12098],[-76.72081,-12.1223],[-76.72191,-12.1232],[-76.72402,-12.12341],[-76.72502,-12.1239],[-76.72782,-12.12398],[-76.73044,-12.12465],[-76.73154,-12.12581],[-76.73272,-12.12761],[-76.73436,-12.12915],[-76.73662,-12.1295],[-76.73778,-12.13039],[-76.73967,-12.13101],[-76.74142,-12.13193],[-76.7429,-12.13208],[-76.74621,-12.1332],[-76.74699,-12.13385],[-76.75069,-12.13584],[-76.7523,-12.13581],[-76.75515,-12.1362],[-76.75788,-12.13609],[-76.76068,-12.13622],[-76.76255,-12.13595],[-76.76369,-12.13538],[-76.76532,-12.13605],[-76.767,-12.13562],[-76.768,-12.13496],[-76.77002,-12.13486],[-76.77307,-12.13609],[-76.77437,-12.13633],[-76.7777,-12.13776],[-76.78053,-12.13814],[-76.78384,-12.13904],[-76.78855,-12.14108],[-76.78961,-12.14097],[-76.79161,-12.14234],[-76.79356,-12.14218],[-76.79479,-12.1426],[-76.79768,-12.14268],[-76.80029,-12.14353],[-76.80102,-12.14226],[-76.80361,-12.14152],[-76.80594,-12.14178],[-76.81003,-12.1411],[-76.81199,-12.14159],[-76.81509,-12.14183],[-76.81979,-12.1434],[-76.82403,-12.14455],[-76.82762,-12.14475],[-76.83173,-12.14584],[-76.83424,-12.14359],[-76.83505,-12.14172],[-76.83566,-12.14094],[-76.83761,-12.14126],[-76.83977,-12.13996],[-76.84082,-12.13853],[-76.84334,-12.13838],[-76.84443,-12.13767],[-76.84459,-12.13623],[-76.84634,-12.13326],[-76.84585,-12.13088],[-76.84661,-12.12912],[-76.84664,-12.12415],[-76.84716,-12.12327],[-76.84906,-12.12118],[-76.85033,-12.12033],[-76.85024,-12.11886],[-76.84842,-12.11642],[-76.84799,-12.11545],[-76.84714,-12.11479],[-76.84725,-12.112],[-76.8503,-12.11099],[-76.85229,-12.11125],[-76.85464,-12.11077],[-76.85564,-12.11018],[-76.85649,-12.10877],[-76.85721,-12.1083],[-76.85882,-12.10812],[-76.8583,-12.10727],[-76.85623,-12.10523],[-76.85753,-12.10365],[-76.85766,-12.10187],[-76.86041,-12.10137],[-76.86198,-12.10214],[-76.86458,-12.10236],[-76.86391,-12.10134],[-76.8644,-12.10049],[-76.86551,-12.10009],[-76.86424,-12.09853],[-76.86359,-12.09429],[-76.8677,-12.09359],[-76.86903,-12.0929],[-76.86903,-12.09102],[-76.86967,-12.09078],[-76.87134,-12.0885],[-76.8714,-12.08707],[-76.87377,-12.08672],[-76.87407,-12.08518],[-76.87291,-12.08485],[-76.87387,-12.08378],[-76.87592,-12.08269],[-76.87694,-12.08032],[-76.87626,-12.07999],[-76.87515,-12.07823],[-76.87583,-12.07809],[-76.87602,-12.07686],[-76.87676,-12.07653],[-76.87541,-12.07393],[-76.87712,-12.07286],[-76.87744,-12.0719],[-76.87776,-12.07256],[-76.879,-12.07305],[-76.8804,-12.07596],[-76.8815,-12.07607],[-76.88354,-12.07573],[-76.8887,-12.07681],[-76.88876,-12.0785],[-76.89045,-12.07888],[-76.89137,-12.0798],[-76.89136,-12.08408],[-76.88995,-12.08414],[-76.88942,-12.08586],[-76.88663,-12.08512],[-76.8863,-12.08638],[-76.88372,-12.08889],[-76.88551,-12.09227],[-76.88769,-12.09199],[-76.88806,-12.09274],[-76.89129,-12.0929],[-76.89241,-12.09399],[-76.89168,-12.09579],[-76.89078,-12.09694],[-76.88984,-12.09931],[-76.88976,-12.10019],[-76.89136,-12.10189],[-76.89191,-12.1036],[-76.8941,-12.10568],[-76.89533,-12.10893],[-76.89616,-12.11234],[-76.89793,-12.11422],[-76.8995,-12.11397],[-76.90221,-12.1132],[-76.90538,-12.11463],[-76.90609,-12.11562],[-76.9064,-12.11728],[-76.9077,-12.11919],[-76.90991,-12.1204],[-76.91096,-12.12199],[-76.91227,-12.12577],[-76.91218,-12.12784],[-76.91131,-12.12844],[-76.90838,-12.12931],[-76.90631,-12.13087],[-76.90422,-12.13135],[-76.90334,-12.132],[-76.90219,-12.13347],[-76.9015,-12.13576],[-76.89993,-12.1377],[-76.89951,-12.13902],[-76.89707,-12.14154],[-76.89688,-12.14393],[-76.89608,-12.14722],[-76.89477,-12.14946],[-76.89346,-12.15077],[-76.89073,-12.15285],[-76.88901,-12.15353],[-76.8868,-12.15388],[-76.88615,-12.15449],[-76.88493,-12.15786],[-76.88322,-12.16634],[-76.88228,-12.16815],[-76.88252,-12.16987],[-76.88381,-12.17202],[-76.88461,-12.1729],[-76.88518,-12.17487],[-76.8849,-12.17601],[-76.88313,-12.17841],[-76.8831,-12.1795],[-76.88485,-12.18275],[-76.88615,-12.18718],[-76.88793,-12.18847],[-76.88814,-12.19112],[-76.889,-12.19366],[-76.88994,-12.1954],[-76.89178,-12.19784],[-76.89237,-12.19911],[-76.89204,-12.20033],[-76.89056,-12.20203],[-76.89116,-12.20494],[-76.89121,-12.20743],[-76.8897,-12.20887],[-76.88689,-12.21002],[-76.88394,-12.2102],[-76.88168,-12.21358],[-76.87881,-12.21577],[-76.87709,-12.21771],[-76.87482,-12.219],[-76.87128,-12.2202],[-76.87123,-12.2212],[-76.87259,-12.22449],[-76.87113,-12.22575],[-76.87005,-12.22758],[-76.86928,-12.22838],[-76.86798,-12.2285],[-76.8669,-12.22789],[-76.86596,-12.22825],[-76.86591,-12.23072],[-76.86423,-12.23212],[-76.86456,-12.2342],[-76.86268,-12.23589],[-76.86195,-12.23723],[-76.8604,-12.23788],[-76.85579,-12.23384],[-76.854,-12.23322],[-76.85271,-12.23337],[-76.85234,-12.23536],[-76.85101,-12.23777],[-76.8493,-12.23949],[-76.84596,-12.23754],[-76.84301,-12.23643],[-76.84269,-12.23593],[-76.84267,-12.23288],[-76.84347,-12.23176],[-76.84466,-12.23097],[-76.84488,-12.23032],[-76.84421,-12.22788],[-76.84276,-12.22558],[-76.84547,-12.22232],[-76.84638,-12.22154],[-76.84655,-12.22043],[-76.84387,-12.21887],[-76.8429,-12.21781],[-76.84143,-12.21679],[-76.83916,-12.21629],[-76.83768,-12.21574],[-76.83508,-12.21566],[-76.83298,-12.21443],[-76.83036,-12.21375],[-76.82809,-12.21198],[-76.82523,-12.21087],[-76.82278,-12.2081],[-76.82066,-12.20657],[-76.81952,-12.20535],[-76.81855,-12.20345],[-76.81836,-12.20125],[-76.81761,-12.19934],[-76.81563,-12.1972],[-76.81351,-12.19688],[-76.81001,-12.19704],[-76.80693,-12.19625],[-76.80498,-12.1963],[-76.80312,-12.19544],[-76.798,-12.19555],[-76.79626,-12.19644],[-76.79376,-12.19722],[-76.79169,-12.19677],[-76.78947,-12.19664],[-76.78784,-12.19628],[-76.78505,-12.19651],[-76.78364,-12.19698],[-76.78188,-12.19676],[-76.7794,-12.19498],[-76.77686,-12.19157],[-76.77535,-12.19084],[-76.77306,-12.19035],[-76.77068,-12.18803],[-76.76973,-12.18567],[-76.76884,-12.18501],[-76.76623,-12.18468],[-76.76225,-12.18465],[-76.7599,-12.18522],[-76.7589,-12.18507],[-76.7572,-12.18427],[-76.75606,-12.18293],[-76.75452,-12.18178],[-76.75184,-12.17896],[-76.75073,-12.17694],[-76.74683,-12.17771],[-76.74605,-12.17746],[-76.74466,-12.17622],[-76.74338,-12.17387],[-76.74288,-12.17145],[-76.7423,-12.17041],[-76.74168,-12.16841],[-76.74072,-12.16766],[-76.73795,-12.16657],[-76.73492,-12.16447],[-76.73398,-12.16441],[-76.73051,-12.16515],[-76.72764,-12.16539],[-76.72662,-12.16588],[-76.72278,-12.16702],[-76.71885,-12.16871],[-76.7169,-12.16871],[-76.71153,-12.16994],[-76.70981,-12.17134],[-76.70834,-12.1729],[-76.70679,-12.17592],[-76.70507,-12.17718],[-76.70306,-12.17815],[-76.70074,-12.17831],[-76.6993,-12.17898],[-76.69447,-12.17946],[-76.6905,-12.18123],[-76.68972,-12.1808],[-76.68691,-12.17807],[-76.68564,-12.17729],[-76.68258,-12.17617],[-76.67869,-12.17566],[-76.67674,-12.17582],[-76.67426,-12.1766],[-76.66756,-12.18044],[-76.6657,-12.18037],[-76.66336,-12.17901],[-76.66295,-12.17805],[-76.66453,-12.17846],[-76.66621,-12.17858],[-76.66696,-12.17782],[-76.66759,-12.17602],[-76.66931,-12.17262],[-76.67192,-12.1722],[-76.67393,-12.16905],[-76.67394,-12.1672],[-76.67474,-12.16688],[-76.67578,-12.16553],[-76.67761,-12.16424],[-76.67894,-12.16432],[-76.68136,-12.16117],[-76.68289,-12.15972],[-76.68362,-12.15797],[-76.68542,-12.15532],[-76.68615,-12.15392],[-76.68792,-12.15183],[-76.68802,-12.14923],[-76.68923,-12.146],[-76.69129,-12.14352],[-76.69153,-12.14227],[-76.69139,-12.14053],[-76.68993,-12.13893],[-76.6879,-12.13791],[-76.68616,-12.13657],[-76.68538,-12.13533],[-76.68309,-12.13381],[-76.68146,-12.13309],[-76.67949,-12.13124],[-76.6792,-12.13067],[-76.68286,-12.12881],[-76.68615,-12.1266],[-76.68883,-12.12585],[-76.69063,-12.12453],[-76.69095,-12.12296],[-76.69301,-12.1205],[-76.69382,-12.11895],[-76.69574,-12.11722],[-76.69828,-12.11597],[-76.70272,-12.11473],[-76.70518,-12.11351],[-76.70732,-12.11402],[-76.70911,-12.11381],[-76.71012,-12.11318]]]}},{"type":"Feature","properties":{"distrito":"San Luis","provincia":"Lima"},"geometry":{"type":"Polygon","coordinates":[[[-76.9978,-12.06084],[-76.99984,-12.0606],[-76.99993,-12.06147],[-77.00182,-12.06185],[-77.00285,-12.06158],[-77.00316,-12.06262],[-77.00123,-12.06334],[-76.99993,-12.0635],[-76.99629,-12.06832],[-77.0025,-12.07192],[-77.00788,-12.07493],[-77.00989,-12.07668],[-77.01036,-12.0782],[-77.00947,-12.07953],[-77.00602,-12.0808],[-77.00484,-12.08182],[-77.00414,-12.08408],[-76.99949,-12.08342],[-76.99866,-12.08318],[-76.99586,-12.08161],[-76.99358,-12.08096],[-76.99348,-12.0817],[-76.98964,-12.0817],[-76.98734,-12.07993],[-76.99083,-12.07542],[-76.99052,-12.07382],[-76.98762,-12.07352],[-76.98877,-12.07142],[-76.98696,-12.06403],[-76.98934,-12.06437],[-76.99579,-12.06377],[-76.9981,-12.06367],[-76.9978,-12.06084]]]}},{"type":"Feature","properties":{"distrito":"La Molina","provincia":"Lima"},"geometry":{"type":"Polygon","coordinates":[[[-76.8867,-12.06048],[-76.88909,-12.05938],[-76.89424,-12.05864],[-76.89734,-12.05926],[-76.89829,-12.05906],[-76.90004,-12.05957],[-76.90128,-12.06025],[-76.90254,-12.06014],[-76.90339,-12.05928],[-76.90489,-12.05944],[-76.9083,-12.05937],[-76.90949,-12.05983],[-76.91254,-12.05956],[-76.91447,-12.05981],[-76.91686,-12.06062],[-76.91862,-12.06204],[-76.92119,-12.06622],[-76.92378,-12.06583],[-76.92533,-12.06537],[-76.92654,-12.06645],[-76.92756,-12.06686],[-76.92828,-12.06775],[-76.93039,-12.06702],[-76.93298,-12.06566],[-76.93395,-12.06471],[-76.93608,-12.06349],[-76.93746,-12.06365],[-76.93889,-12.06467],[-76.93997,-12.06458],[-76.94432,-12.0567],[-76.95058,-12.05992],[-76.95391,-12.06138],[-76.9551,-12.06171],[-76.95932,-12.06205],[-76.96145,-12.06282],[-76.96743,-12.06523],[-76.96961,-12.06679],[-76.97109,-12.0672],[-76.9718,-12.06789],[-76.97607,-12.0783],[-76.97379,-12.07933],[-76.97385,-12.08205],[-76.97293,-12.08382],[-76.96993,-12.08329],[-76.96696,-12.0811],[-76.96537,-12.07865],[-76.9631,-12.07656],[-76.9604,-12.07571],[-76.95739,-12.07604],[-76.95639,-12.07692],[-76.95551,-12.07837],[-76.95662,-12.0791],[-76.95893,-12.08137],[-76.9606,-12.08425],[-76.95984,-12.08732],[-76.96014,-12.09063],[-76.95995,-12.09303],[-76.95924,-12.09443],[-76.95789,-12.0962],[-76.95757,-12.09707],[-76.95437,-12.1003],[-76.95097,-12.1049],[-76.95065,-12.10597],[-76.95041,-12.10845],[-76.9486,-12.11125],[-76.94845,-12.11419],[-76.94735,-12.11653],[-76.94775,-12.11753],[-76.94709,-12.11819],[-76.94538,-12.11893],[-76.94375,-12.12015],[-76.94195,-12.12056],[-76.94109,-12.12213],[-76.93785,-12.12247],[-76.93503,-12.12344],[-76.93204,-12.12342],[-76.92941,-12.12248],[-76.92794,-12.12226],[-76.92561,-12.1211],[-76.92259,-12.1202],[-76.92133,-12.11908],[-76.91794,-12.11904],[-76.91455,-12.12116],[-76.9128,-12.12138],[-76.91096,-12.12199],[-76.90991,-12.1204],[-76.9077,-12.11919],[-76.9064,-12.11728],[-76.90609,-12.11562],[-76.90538,-12.11463],[-76.90221,-12.1132],[-76.8995,-12.11397],[-76.89793,-12.11422],[-76.89616,-12.11234],[-76.89533,-12.10893],[-76.8941,-12.10568],[-76.89191,-12.1036],[-76.89136,-12.10189],[-76.88976,-12.10019],[-76.88984,-12.09931],[-76.89078,-12.09694],[-76.89168,-12.09579],[-76.89241,-12.09399],[-76.89129,-12.0929],[-76.88806,-12.09274],[-76.88769,-12.09199],[-76.88551,-12.09227],[-76.88372,-12.08889],[-76.8863,-12.08638],[-76.88663,-12.08512],[-76.88942,-12.08586],[-76.88995,-12.08414],[-76.89136,-12.08408],[-76.89137,-12.0798],[-76.89045,-12.07888],[-76.88876,-12.0785],[-76.8887,-12.07681],[-76.88354,-12.07573],[-76.8815,-12.07607],[-76.8804,-12.07596],[-76.879,-12.07305],[-76.87776,-12.07256],[-76.87744,-12.0719],[-76.87691,-12.0712],[-76.87565,-12.07056],[-76.87357,-12.06886],[-76.87203,-12.06791],[-76.87094,-12.06678],[-76.86911,-12.06546],[-76.86929,-12.06509],[-76.87139,-12.06494],[-76.87352,-12.06394],[-76.87637,-12.06365],[-76.8783,-12.06322],[-76.88099,-12.06368],[-76.88385,-12.06114],[-76.88619,-12.06079],[-76.8867,-12.06048]]]}},{"type":"Feature","properties":{"distrito":"Ancón","provincia":"Lima"},"geometry":{"type":"Polygon","coordinates":[[[-77.03246,-11.74071],[-77.03235,-11.73858],[-77.03274,-11.73689],[-77.03586,-11.73219],[-77.0362,-11.73134],[-77.03654,-11.72863],[-77.0382,-11.72476],[-77.03949,-11.72274],[-77.03992,-11.72138],[-77.04099,-11.71986],[-77.04234,-11.71871],[-77.0435,-11.71625],[-77.04439,-11.71526],[-77.04329,-11.71348],[-77.04216,-11.71257],[-77.04035,-11.71184],[-77.03777,-11.7115],[-77.03532,-11.71066],[-77.03368,-11.70953],[-77.03131,-11.70759],[-77.03027,-11.70578],[-77.02913,-11.70469],[-77.02794,-11.7022],[-77.02703,-11.70154],[-77.02616,-11.69979],[-77.02591,-11.69663],[-77.02455,-11.69159],[-77.02494,-11.68936],[-77.02597,-11.68732],[-77.0261,-11.686],[-77.02522,-11.68257],[-77.02505,-11.68087],[-77.02546,-11.67759],[-77.02535,-11.67664],[-77.02622,-11.67409],[-77.02766,-11.67194],[-77.02889,-11.66837],[-77.03048,-11.66494],[-77.03068,-11.66344],[-77.03012,-11.6604],[-77.03135,-11.6578],[-77.03344,-11.65529],[-77.03503,-11.65404],[-77.03483,-11.65152],[-77.03414,-11.65108],[-77.03222,-11.64871],[-77.03035,-11.64746],[-77.0296,-11.64557],[-77.02957,-11.64459],[-77.02824,-11.64365],[-77.02516,-11.64082],[-77.02296,-11.63914],[-77.02084,-11.63671],[-77.01908,-11.63505],[-77.01693,-11.63387],[-77.0161,-11.63291],[-77.01565,-11.63059],[-77.01478,-11.62878],[-77.01492,-11.62544],[-77.01457,-11.62347],[-77.01288,-11.62079],[-77.0097,-11.61716],[-77.00732,-11.61671],[-77.00628,-11.61624],[-77.00476,-11.61427],[-77.00638,-11.61027],[-77.00745,-11.60849],[-77.01277,-11.60611],[-77.01374,-11.60544],[-77.01672,-11.60418],[-77.0184,-11.60278],[-77.01914,-11.6015],[-77.02117,-11.60018],[-77.0217,-11.59935],[-77.02188,-11.59734],[-77.02231,-11.5964],[-77.02432,-11.5949],[-77.0272,-11.5933],[-77.02829,-11.5925],[-77.03121,-11.59175],[-77.03477,-11.58948],[-77.03676,-11.5891],[-77.03943,-11.58599],[-77.04139,-11.58435],[-77.04476,-11.58245],[-77.04557,-11.57932],[-77.04598,-11.57851],[-77.04799,-11.57894],[-77.04956,-11.5785],[-77.05127,-11.57657],[-77.05251,-11.57602],[-77.05484,-11.57574],[-77.0569,-11.57613],[-77.0608,-11.57755],[-77.06359,-11.57756],[-77.06467,-11.57684],[-77.06518,-11.57413],[-77.06573,-11.57296],[-77.06689,-11.5725],[-77.06792,-11.57259],[-77.06944,-11.57388],[-77.0703,-11.57509],[-77.07306,-11.57522],[-77.07506,-11.57576],[-77.07783,-11.57698],[-77.07811,-11.57825],[-77.07805,-11.58191],[-77.07868,-11.58595],[-77.08084,-11.59118],[-77.08346,-11.59377],[-77.08437,-11.59544],[-77.08582,-11.60156],[-77.08535,-11.60355],[-77.08574,-11.60479],[-77.08711,-11.60655],[-77.08823,-11.60704],[-77.09124,-11.60773],[-77.09246,-11.60901],[-77.09368,-11.60972],[-77.09592,-11.6128],[-77.09782,-11.61327],[-77.10035,-11.61481],[-77.10162,-11.61616],[-77.10333,-11.61856],[-77.10443,-11.61931],[-77.10569,-11.61935],[-77.10657,-11.62013],[-77.10655,-11.62149],[-77.10589,-11.62348],[-77.10622,-11.62525],[-77.10753,-11.6265],[-77.11191,-11.62893],[-77.11317,-11.6294],[-77.11621,-11.62988],[-77.1188,-11.62993],[-77.12122,-11.62951],[-77.12783,-11.62597],[-77.1296,-11.62562],[-77.13154,-11.62637],[-77.1338,-11.62827],[-77.13537,-11.63005],[-77.13636,-11.63331],[-77.13754,-11.63569],[-77.13721,-11.63703],[-77.13461,-11.63855],[-77.13323,-11.63916],[-77.1319,-11.63922],[-77.13119,-11.63989],[-77.13113,-11.64352],[-77.13159,-11.6459],[-77.13124,-11.64726],[-77.13015,-11.64842],[-77.12148,-11.65429],[-77.12074,-11.65558],[-77.12135,-11.65677],[-77.12265,-11.65817],[-77.12565,-11.66008],[-77.12707,-11.66067],[-77.12862,-11.66049],[-77.12972,-11.65817],[-77.13175,-11.65729],[-77.13316,-11.65778],[-77.13613,-11.6596],[-77.13773,-11.6609],[-77.13825,-11.66177],[-77.14103,-11.66386],[-77.14348,-11.66508],[-77.14487,-11.66598],[-77.14642,-11.66623],[-77.1502,-11.66909],[-77.15219,-11.67022],[-77.15338,-11.67396],[-77.15434,-11.67568],[-77.15564,-11.67703],[-77.15821,-11.68114],[-77.15786,-11.68238],[-77.15553,-11.68445],[-77.15515,-11.68639],[-77.15553,-11.6919],[-77.15589,-11.69407],[-77.1567,-11.69538],[-77.15683,-11.69655],[-77.15549,-11.69864],[-77.15464,-11.70098],[-77.1547,-11.70258],[-77.15523,-11.7031],[-77.15943,-11.70171],[-77.16185,-11.70062],[-77.16348,-11.69875],[-77.16462,-11.69799],[-77.17025,-11.69277],[-77.17343,-11.69081],[-77.17639,-11.68874],[-77.18037,-11.68637],[-77.18319,-11.68587],[-77.1846,-11.68812],[-77.18603,-11.68995],[-77.18801,-11.69318],[-77.19003,-11.69529],[-77.19499,-11.69831],[-77.19311,-11.70082],[-77.19156,-11.70188],[-77.18991,-11.70389],[-77.189,-11.70452],[-77.18801,-11.70647],[-77.18718,-11.70707],[-77.18613,-11.70951],[-77.18426,-11.71113],[-77.18306,-11.71257],[-77.18303,-11.71346],[-77.18203,-11.71595],[-77.18073,-11.71649],[-77.17989,-11.71816],[-77.17962,-11.71969],[-77.17827,-11.72078],[-77.17752,-11.72236],[-77.17801,-11.72327],[-77.17609,-11.72543],[-77.17315,-11.72805],[-77.17156,-11.73072],[-77.16935,-11.73529],[-77.16837,-11.73906],[-77.16841,-11.74078],[-77.16883,-11.74256],[-77.16873,-11.74588],[-77.16909,-11.74905],[-77.17036,-11.75114],[-77.17078,-11.75375],[-77.1708,-11.75649],[-77.1713,-11.7575],[-77.1714,-11.76028],[-77.17118,-11.76308],[-77.17134,-11.76455],[-77.17321,-11.76837],[-77.17378,-11.76998],[-77.17438,-11.7705],[-77.17545,-11.77231],[-77.1762,-11.77275],[-77.17796,-11.77482],[-77.17894,-11.77551],[-77.18085,-11.7757],[-77.18174,-11.7751],[-77.18233,-11.77354],[-77.18366,-11.77423],[-77.18711,-11.77384],[-77.18724,-11.77274],[-77.18807,-11.77289],[-77.18884,-11.77134],[-77.19086,-11.77025],[-77.19119,-11.76924],[-77.19087,-11.76816],[-77.19278,-11.76785],[-77.19401,-11.76708],[-77.19493,-11.76821],[-77.19718,-11.76833],[-77.19841,-11.76962],[-77.1979,-11.77036],[-77.19684,-11.77051],[-77.19677,-11.77123],[-77.19809,-11.77301],[-77.19766,-11.77483],[-77.19611,-11.77548],[-77.19563,-11.77669],[-77.19581,-11.7789],[-77.19548,-11.77957],[-77.18716,-11.77984],[-77.15744,-11.78196],[-77.13472,-11.8043],[-77.13523,-11.80538],[-77.14751,-11.81915],[-77.14589,-11.81928],[-77.14488,-11.81989],[-77.14404,-11.82095],[-77.14193,-11.82066],[-77.14031,-11.81989],[-77.13945,-11.81822],[-77.13521,-11.81782],[-77.13339,-11.81819],[-77.13265,-11.81926],[-77.13191,-11.81802],[-77.128,-11.81923],[-77.12684,-11.81848],[-77.12589,-11.82079],[-77.12514,-11.81989],[-77.12393,-11.82009],[-77.121,-11.82272],[-77.11801,-11.82459],[-77.11595,-11.82474],[-77.11422,-11.82438],[-77.11192,-11.82264],[-77.11056,-11.82063],[-77.10932,-11.81778],[-77.10941,-11.81548],[-77.10795,-11.81331],[-77.10664,-11.8124],[-77.1039,-11.81194],[-77.10291,-11.81154],[-77.10149,-11.81025],[-77.0985,-11.80655],[-77.097,-11.80516],[-77.09584,-11.80446],[-77.09292,-11.80374],[-77.08514,-11.80174],[-77.08261,-11.80037],[-77.07952,-11.79813],[-77.07665,-11.79726],[-77.07481,-11.79548],[-77.07402,-11.79207],[-77.07299,-11.79081],[-77.07098,-11.78997],[-77.06375,-11.78844],[-77.06088,-11.78753],[-77.05765,-11.78581],[-77.0556,-11.78362],[-77.05415,-11.77875],[-77.0539,-11.77716],[-77.05405,-11.77569],[-77.05475,-11.77308],[-77.05474,-11.77025],[-77.05385,-11.76813],[-77.05219,-11.76584],[-77.05187,-11.76358],[-77.04968,-11.76118],[-77.04597,-11.75914],[-77.04503,-11.75837],[-77.04425,-11.7571],[-77.04385,-11.75486],[-77.04309,-11.7537],[-77.04032,-11.7526],[-77.03947,-11.75191],[-77.03488,-11.74486],[-77.03299,-11.74167],[-77.03296,-11.74162],[-77.03286,-11.74146],[-77.03285,-11.74144],[-77.03284,-11.74143],[-77.03281,-11.74136],[-77.0328,-11.74134],[-77.03279,-11.74133],[-77.03279,-11.74132],[-77.03275,-11.74124],[-77.03273,-11.74122],[-77.03273,-11.74121],[-77.03271,-11.74117],[-77.03269,-11.74114],[-77.03268,-11.74112],[-77.03267,-11.7411],[-77.03265,-11.74107],[-77.03263,-11.74102],[-77.0326,-11.74098],[-77.0326,-11.74097],[-77.03258,-11.74093],[-77.03257,-11.74092],[-77.03255,-11.74088],[-77.03253,-11.74085],[-77.03253,-11.74084],[-77.03251,-11.74081],[-77.03251,-11.74081],[-77.03249,-11.74077],[-77.03249,-11.74077],[-77.03247,-11.74073],[-77.03246,-11.74071]]]}},{"type":"Feature","properties":{"distrito":"Villa El Salvador","provincia":"Lima"},"geometry":{"type":"Polygon","coordinates":[[[-76.91001,-12.23133],[-76.90961,-12.22963],[-76.91135,-12.22905],[-76.91832,-12.22605],[-76.9196,-12.22449],[-76.92085,-12.22009],[-76.92223,-12.21458],[-76.92305,-12.21298],[-76.92749,-12.20714],[-76.93125,-12.20086],[-76.93334,-12.19721],[-76.93615,-12.1927],[-76.94028,-12.18587],[-76.94225,-12.18248],[-76.94737,-12.18551],[-76.95029,-12.18485],[-76.9524,-12.18548],[-76.95408,-12.186],[-76.95449,-12.18663],[-76.95453,-12.18928],[-76.95422,-12.18986],[-76.95852,-12.19245],[-76.95965,-12.19168],[-76.96095,-12.19253],[-76.96778,-12.19305],[-76.96931,-12.19274],[-76.97116,-12.19186],[-76.97196,-12.19198],[-76.9758,-12.21355],[-76.97649,-12.21708],[-76.97678,-12.21764],[-76.9763,-12.22017],[-76.97553,-12.22233],[-76.97112,-12.22678],[-76.97422,-12.23148],[-76.97266,-12.23236],[-76.96923,-12.23352],[-76.96721,-12.23445],[-76.96461,-12.23602],[-76.96143,-12.23725],[-76.9593,-12.23836],[-76.95826,-12.23866],[-76.95556,-12.24019],[-76.95361,-12.24091],[-76.95049,-12.24263],[-76.94621,-12.24469],[-76.94316,-12.24652],[-76.94209,-12.24697],[-76.93757,-12.24978],[-76.93509,-12.25116],[-76.93306,-12.24769],[-76.92622,-12.25201],[-76.92581,-12.25181],[-76.92495,-12.24887],[-76.9173,-12.24863],[-76.9161,-12.24837],[-76.91562,-12.24495],[-76.91466,-12.24307],[-76.91148,-12.24107],[-76.91249,-12.23976],[-76.91257,-12.23831],[-76.91196,-12.23634],[-76.91001,-12.23133]]]}},{"type":"Feature","properties":{"distrito":"Santiago de Surco","provincia":"Lima"},"geometry":{"type":"Polygon","coordinates":[[[-76.94775,-12.11753],[-76.94735,-12.11653],[-76.94845,-12.11419],[-76.9486,-12.11125],[-76.95041,-12.10845],[-76.95065,-12.10597],[-76.95097,-12.1049],[-76.95437,-12.1003],[-76.95757,-12.09707],[-76.95789,-12.0962],[-76.95924,-12.09443],[-76.95995,-12.09303],[-76.96014,-12.09063],[-76.95984,-12.08732],[-76.9606,-12.08425],[-76.95893,-12.08137],[-76.95662,-12.0791],[-76.95551,-12.07837],[-76.95639,-12.07692],[-76.95739,-12.07604],[-76.9604,-12.07571],[-76.9631,-12.07656],[-76.96537,-12.07865],[-76.96696,-12.0811],[-76.96993,-12.08329],[-76.97293,-12.08382],[-76.97385,-12.08205],[-76.97379,-12.07933],[-76.97607,-12.0783],[-76.97785,-12.08083],[-76.98189,-12.08481],[-76.98406,-12.08473],[-76.98364,-12.08653],[-76.98181,-12.08787],[-76.98127,-12.08874],[-76.98071,-12.09251],[-76.97826,-12.11022],[-76.99373,-12.11127],[-76.99382,-12.11228],[-76.99548,-12.1156],[-76.99609,-12.1165],[-76.99744,-12.11997],[-76.99815,-12.12009],[-76.99882,-12.12145],[-77.00077,-12.12438],[-77.0021,-12.12543],[-77.00267,-12.12652],[-77.00134,-12.12836],[-77.00163,-12.12886],[-77.00954,-12.12762],[-77.00943,-12.12991],[-77.01131,-12.13008],[-77.01257,-12.13081],[-77.01374,-12.12941],[-77.01558,-12.12954],[-77.01643,-12.13054],[-77.01802,-12.13042],[-77.018,-12.13125],[-77.01787,-12.13576],[-77.01249,-12.14043],[-77.01418,-12.14386],[-77.01389,-12.14411],[-77.01569,-12.14651],[-77.01596,-12.14736],[-77.01835,-12.15263],[-77.01558,-12.15473],[-77.01603,-12.15563],[-77.00745,-12.16033],[-77.00781,-12.16146],[-77.0097,-12.16126],[-77.01087,-12.16292],[-77.01173,-12.16475],[-77.01134,-12.16507],[-77.00881,-12.16576],[-77.00718,-12.16761],[-77.00575,-12.17071],[-77.00484,-12.17181],[-77.00321,-12.17299],[-77.00135,-12.17339],[-77.00064,-12.17287],[-76.99902,-12.16837],[-76.99867,-12.16656],[-76.99735,-12.16682],[-76.99548,-12.16958],[-76.99321,-12.17146],[-76.99163,-12.17204],[-76.98995,-12.17205],[-76.98766,-12.17087],[-76.9869,-12.16976],[-76.9864,-12.16746],[-76.98493,-12.16644],[-76.98441,-12.16645],[-76.98375,-12.16431],[-76.98377,-12.16276],[-76.98431,-12.16206],[-76.98492,-12.15989],[-76.98486,-12.1575],[-76.98324,-12.15712],[-76.98374,-12.15498],[-76.98364,-12.15129],[-76.9822,-12.14678],[-76.98076,-12.13872],[-76.97909,-12.13936],[-76.97811,-12.13918],[-76.97695,-12.14107],[-76.97704,-12.14202],[-76.97638,-12.14296],[-76.9745,-12.14209],[-76.97499,-12.14058],[-76.97494,-12.13867],[-76.97556,-12.13715],[-76.97444,-12.13677],[-76.97456,-12.13488],[-76.97379,-12.13522],[-76.97215,-12.13511],[-76.97213,-12.13392],[-76.97092,-12.13365],[-76.9708,-12.13225],[-76.96802,-12.13062],[-76.96699,-12.1303],[-76.9657,-12.12913],[-76.96453,-12.12884],[-76.96276,-12.12775],[-76.96231,-12.12707],[-76.96234,-12.12562],[-76.96168,-12.12282],[-76.96089,-12.12108],[-76.96015,-12.12015],[-76.95865,-12.11974],[-76.95702,-12.11665],[-76.95558,-12.11561],[-76.9534,-12.11561],[-76.94993,-12.11634],[-76.94775,-12.11753]]]}},{"type":"Feature","properties":{"distrito":"Ate","provincia":"Lima"},"geometry":{"type":"Polygon","coordinates":[[[-76.78387,-12.02315],[-76.78413,-12.01897],[-76.78474,-12.0166],[-76.78499,-12.01274],[-76.78546,-12.01067],[-76.78535,-12.00856],[-76.78588,-12.0077],[-76.78828,-12.00512],[-76.78989,-12.00421],[-76.79361,-12.00361],[-76.79536,-12.00272],[-76.79676,-12.0023],[-76.79822,-12.00243],[-76.80011,-12.00335],[-76.80125,-12.0028],[-76.80158,-12.0014],[-76.80295,-11.99926],[-76.80376,-11.9984],[-76.80546,-11.99783],[-76.80927,-11.99959],[-76.81072,-12.00066],[-76.81396,-12.00212],[-76.81686,-12.00133],[-76.82117,-12.00068],[-76.82192,-12.00001],[-76.82297,-11.99807],[-76.82513,-11.99801],[-76.82726,-11.99749],[-76.83022,-11.9954],[-76.83398,-11.99344],[-76.83549,-11.99228],[-76.83785,-11.99346],[-76.83914,-11.99445],[-76.83946,-11.99529],[-76.83977,-11.99823],[-76.8407,-11.99946],[-76.84219,-12.00071],[-76.84689,-12.00352],[-76.84818,-12.00355],[-76.85178,-12.00461],[-76.85371,-12.00575],[-76.85581,-12.00556],[-76.85676,-12.00657],[-76.8602,-12.00635],[-76.86467,-12.00711],[-76.86739,-12.00659],[-76.87002,-12.00705],[-76.87227,-12.00693],[-76.87588,-12.0078],[-76.87817,-12.00924],[-76.88198,-12.00939],[-76.8847,-12.01081],[-76.88716,-12.01134],[-76.8885,-12.01217],[-76.88972,-12.01215],[-76.89143,-12.01287],[-76.89256,-12.01286],[-76.89378,-12.01386],[-76.89624,-12.01516],[-76.89891,-12.01593],[-76.90572,-12.01958],[-76.90876,-12.02045],[-76.91096,-12.02026],[-76.9146,-12.02041],[-76.9174,-12.0211],[-76.91908,-12.0212],[-76.92121,-12.02214],[-76.92475,-12.02227],[-76.92797,-12.02318],[-76.93208,-12.02308],[-76.93317,-12.02331],[-76.93591,-12.02216],[-76.93737,-12.022],[-76.9377,-12.02228],[-76.93919,-12.02221],[-76.9398,-12.02218],[-76.94205,-12.02235],[-76.94403,-12.02252],[-76.9455,-12.02311],[-76.94698,-12.02323],[-76.94796,-12.02391],[-76.95317,-12.02388],[-76.9541,-12.02596],[-76.95505,-12.02781],[-76.95563,-12.02884],[-76.95583,-12.02959],[-76.95537,-12.02936],[-76.94381,-12.0275],[-76.94276,-12.0283],[-76.9425,-12.03075],[-76.94306,-12.03087],[-76.94287,-12.03238],[-76.93996,-12.03861],[-76.93789,-12.04393],[-76.95749,-12.05176],[-76.95943,-12.05253],[-76.96588,-12.05538],[-76.97317,-12.05846],[-76.9785,-12.06066],[-76.98191,-12.06298],[-76.98255,-12.06182],[-76.98241,-12.06024],[-76.98842,-12.05898],[-76.99122,-12.05731],[-76.99224,-12.05692],[-76.99405,-12.05736],[-76.99638,-12.05934],[-76.9978,-12.06084],[-76.9981,-12.06367],[-76.99579,-12.06377],[-76.98934,-12.06437],[-76.98696,-12.06403],[-76.98877,-12.07142],[-76.98762,-12.07352],[-76.99052,-12.07382],[-76.99083,-12.07542],[-76.98734,-12.07993],[-76.98428,-12.08388],[-76.98406,-12.08473],[-76.98189,-12.08481],[-76.97785,-12.08083],[-76.97607,-12.0783],[-76.9718,-12.06789],[-76.97109,-12.0672],[-76.96961,-12.06679],[-76.96743,-12.06523],[-76.96145,-12.06282],[-76.95932,-12.06205],[-76.9551,-12.06171],[-76.95391,-12.06138],[-76.95058,-12.05992],[-76.94432,-12.0567],[-76.93997,-12.06458],[-76.93889,-12.06467],[-76.93746,-12.06365],[-76.93608,-12.06349],[-76.93395,-12.06471],[-76.93298,-12.06566],[-76.93039,-12.06702],[-76.92828,-12.06775],[-76.92756,-12.06686],[-76.92654,-12.06645],[-76.92533,-12.06537],[-76.92378,-12.06583],[-76.92119,-12.06622],[-76.91862,-12.06204],[-76.91686,-12.06062],[-76.91447,-12.05981],[-76.91254,-12.05956],[-76.90949,-12.05983],[-76.9083,-12.05937],[-76.90489,-12.05944],[-76.90339,-12.05928],[-76.90254,-12.06014],[-76.90128,-12.06025],[-76.90004,-12.05957],[-76.89829,-12.05906],[-76.89734,-12.05926],[-76.89424,-12.05864],[-76.88909,-12.05938],[-76.8867,-12.06048],[-76.86959,-12.0473],[-76.85292,-12.0376],[-76.84554,-12.03836],[-76.83279,-12.03952],[-76.82712,-12.0401],[-76.81852,-12.04133],[-76.81343,-12.0416],[-76.81051,-12.04048],[-76.80475,-12.03639],[-76.79914,-12.03274],[-76.78387,-12.02315]]]}},{"type":"Feature","properties":{"distrito":"Callao","provincia":"Callao"},"geometry":{"type":"Polygon","coordinates":[[[-77.09351,-12.03814],[-77.09346,-12.03628],[-77.09509,-12.03663],[-77.09495,-12.03428],[-77.09618,-12.0337],[-77.09442,-12.03],[-77.09401,-12.03004],[-77.09258,-12.02679],[-77.09069,-12.02307],[-77.09137,-12.02266],[-77.08984,-12.01941],[-77.08786,-12.01621],[-77.08728,-12.01563],[-77.08761,-12.01454],[-77.08912,-12.01216],[-77.09075,-12.01186],[-77.09162,-12.01018],[-77.0916,-12.00948],[-77.09351,-12.00999],[-77.09418,-12.0087],[-77.09387,-12.00792],[-77.09528,-12.00447],[-77.09665,-12.00561],[-77.09759,-12.00592],[-77.09817,-12.00453],[-77.10032,-12.00391],[-77.10249,-11.99961],[-77.10269,-11.99845],[-77.10357,-11.9984],[-77.10439,-12.00024],[-77.10705,-11.99936],[-77.10949,-11.99495],[-77.11026,-11.99406],[-77.1126,-11.99684],[-77.11329,-11.99691],[-77.11625,-11.99574],[-77.11798,-11.99446],[-77.1184,-11.99351],[-77.11844,-11.99165],[-77.11729,-11.99065],[-77.11451,-11.98458],[-77.11301,-11.98273],[-77.11264,-11.98173],[-77.11289,-11.9799],[-77.1112,-11.97791],[-77.11131,-11.97324],[-77.11461,-11.97164],[-77.11566,-11.97073],[-77.11688,-11.97122],[-77.11835,-11.97113],[-77.11783,-11.96142],[-77.11772,-11.95746],[-77.11793,-11.95593],[-77.11943,-11.95452],[-77.12031,-11.95331],[-77.12068,-11.95064],[-77.12113,-11.94971],[-77.12292,-11.94835],[-77.12403,-11.94596],[-77.12646,-11.94366],[-77.12746,-11.94241],[-77.12849,-11.93927],[-77.1285,-11.93756],[-77.13042,-11.93684],[-77.13265,-11.93837],[-77.13512,-11.93904],[-77.13896,-11.9393],[-77.13583,-11.95099],[-77.13513,-11.95483],[-77.13523,-11.95618],[-77.13464,-11.95809],[-77.1342,-11.96037],[-77.13378,-11.9648],[-77.13334,-11.96674],[-77.133,-11.96959],[-77.13326,-11.97082],[-77.13299,-11.97653],[-77.13303,-11.97845],[-77.13343,-11.98458],[-77.13433,-11.98883],[-77.13461,-11.99111],[-77.13516,-11.99267],[-77.13574,-11.9994],[-77.13648,-12.00158],[-77.13638,-12.00244],[-77.13702,-12.00584],[-77.13763,-12.00736],[-77.13881,-12.01163],[-77.13972,-12.01417],[-77.14036,-12.01741],[-77.14277,-12.02155],[-77.1447,-12.02405],[-77.14559,-12.02457],[-77.14652,-12.02593],[-77.14772,-12.02677],[-77.14818,-12.02757],[-77.14857,-12.03027],[-77.14798,-12.03781],[-77.14674,-12.0393],[-77.14297,-12.03739],[-77.14122,-12.03795],[-77.14044,-12.03974],[-77.14025,-12.04116],[-77.14112,-12.04177],[-77.14079,-12.04243],[-77.14128,-12.04533],[-77.14173,-12.04676],[-77.14509,-12.04299],[-77.14638,-12.04404],[-77.14403,-12.04675],[-77.14415,-12.04825],[-77.14581,-12.04813],[-77.14588,-12.0489],[-77.14419,-12.04904],[-77.14426,-12.04985],[-77.14593,-12.04976],[-77.146,-12.05053],[-77.14434,-12.05066],[-77.14456,-12.05246],[-77.14872,-12.0574],[-77.15004,-12.05621],[-77.14779,-12.05337],[-77.1481,-12.05309],[-77.14987,-12.05518],[-77.15045,-12.05616],[-77.14894,-12.05741],[-77.14862,-12.05857],[-77.14971,-12.05926],[-77.15048,-12.0589],[-77.1511,-12.06018],[-77.1507,-12.06058],[-77.15227,-12.06217],[-77.15436,-12.06334],[-77.15543,-12.06441],[-77.1584,-12.06661],[-77.15675,-12.0686],[-77.15632,-12.06792],[-77.1549,-12.06752],[-77.15296,-12.06762],[-77.1515,-12.06709],[-77.15058,-12.06717],[-77.1496,-12.06785],[-77.14852,-12.06743],[-77.14655,-12.06785],[-77.14536,-12.06769],[-77.14223,-12.06808],[-77.13462,-12.06978],[-77.13259,-12.07049],[-77.13294,-12.06779],[-77.13309,-12.06757],[-77.13424,-12.05969],[-77.12085,-12.05824],[-77.11494,-12.05705],[-77.10584,-12.05505],[-77.10142,-12.05414],[-77.08977,-12.05204],[-77.08791,-12.05175],[-77.07842,-12.05007],[-77.07707,-12.048],[-77.07703,-12.04665],[-77.08155,-12.04702],[-77.09832,-12.04852],[-77.09913,-12.03998],[-77.0973,-12.03927],[-77.09446,-12.03868],[-77.09351,-12.03814]]]}},{"type":"Feature","properties":{"distrito":"Los Olivos","provincia":"Lima"},"geometry":{"type":"Polygon","coordinates":[[[-77.06014,-11.97661],[-77.06315,-11.96281],[-77.06451,-11.95642],[-77.06515,-11.95246],[-77.06985,-11.95317],[-77.07098,-11.94596],[-77.07362,-11.91774],[-77.07467,-11.9194],[-77.07704,-11.92377],[-77.07719,-11.92753],[-77.07795,-11.92925],[-77.08025,-11.93118],[-77.08116,-11.93171],[-77.08198,-11.93402],[-77.0828,-11.9357],[-77.08389,-11.93674],[-77.08371,-11.93886],[-77.08397,-11.94029],[-77.08598,-11.94684],[-77.08585,-11.95009],[-77.08518,-11.95366],[-77.08397,-11.96196],[-77.08345,-11.9647],[-77.08369,-11.96822],[-77.08533,-11.97113],[-77.08773,-11.97392],[-77.08577,-11.9758],[-77.08314,-11.97662],[-77.08591,-11.98251],[-77.07839,-11.98324],[-77.07882,-11.98476],[-77.08128,-11.98927],[-77.08223,-11.99136],[-77.08415,-11.99483],[-77.08479,-11.99631],[-77.08213,-12.00792],[-77.0799,-12.01266],[-77.07882,-12.01249],[-77.07801,-12.01236],[-77.07492,-12.01186],[-77.07333,-12.0116],[-77.07226,-12.01143],[-77.07048,-12.01097],[-77.06429,-12.00894],[-77.06132,-12.00837],[-77.06212,-12.00329],[-77.06214,-12.00253],[-77.06561,-11.98031],[-77.06561,-11.97821],[-77.06471,-11.97744],[-77.06014,-11.97661]]]}},{"type":"Feature","properties":{"distrito":"Lurigancho","provincia":"Lima"},"geometry":{"type":"Polygon","coordinates":[[[-76.71517,-11.99222],[-76.71313,-11.99305],[-76.70911,-11.99269],[-76.70779,-11.99167],[-76.70462,-11.98977],[-76.7027,-11.98878],[-76.6996,-11.98604],[-76.69815,-11.98576],[-76.6969,-11.98657],[-76.69582,-11.98684],[-76.6902,-11.98693],[-76.68927,-11.98815],[-76.68709,-11.98926],[-76.68634,-11.99016],[-76.68079,-11.98838],[-76.67938,-11.98647],[-76.67824,-11.98564],[-76.67498,-11.98178],[-76.67334,-11.98049],[-76.67136,-11.98046],[-76.668,-11.98184],[-76.66449,-11.97926],[-76.66035,-11.97879],[-76.65896,-11.97658],[-76.65679,-11.97592],[-76.65557,-11.97501],[-76.65484,-11.97396],[-76.65457,-11.97188],[-76.65424,-11.97143],[-76.65242,-11.97058],[-76.64768,-11.9679],[-76.64563,-11.96793],[-76.6458,-11.96723],[-76.64811,-11.96475],[-76.64822,-11.96299],[-76.64791,-11.96223],[-76.64517,-11.95989],[-76.64443,-11.95854],[-76.64442,-11.95524],[-76.64498,-11.95281],[-76.64636,-11.9516],[-76.64853,-11.95033],[-76.65259,-11.94659],[-76.65397,-11.94492],[-76.65748,-11.94139],[-76.65914,-11.94003],[-76.66272,-11.93621],[-76.66461,-11.93534],[-76.6668,-11.93342],[-76.66931,-11.93196],[-76.67054,-11.93025],[-76.67058,-11.92968],[-76.66957,-11.92769],[-76.66868,-11.92447],[-76.66944,-11.92119],[-76.67247,-11.92071],[-76.6753,-11.91788],[-76.67579,-11.91709],[-76.67722,-11.91681],[-76.67994,-11.91574],[-76.68198,-11.91094],[-76.68258,-11.9104],[-76.6844,-11.90974],[-76.68829,-11.90721],[-76.68934,-11.90613],[-76.69097,-11.90359],[-76.69265,-11.9022],[-76.69333,-11.90038],[-76.69381,-11.89674],[-76.69513,-11.89587],[-76.69679,-11.89519],[-76.69896,-11.89374],[-76.70047,-11.8931],[-76.70345,-11.89136],[-76.70459,-11.8911],[-76.70545,-11.89157],[-76.70699,-11.89149],[-76.71079,-11.89198],[-76.71162,-11.89169],[-76.71309,-11.88965],[-76.71456,-11.88831],[-76.71583,-11.88751],[-76.71809,-11.88722],[-76.71922,-11.88655],[-76.7198,-11.8855],[-76.72187,-11.88295],[-76.72317,-11.88178],[-76.7247,-11.87995],[-76.72681,-11.87808],[-76.72787,-11.87565],[-76.72969,-11.87772],[-76.73069,-11.87922],[-76.7309,-11.88139],[-76.73339,-11.88638],[-76.73505,-11.88828],[-76.73639,-11.89025],[-76.73887,-11.89332],[-76.74169,-11.895],[-76.74517,-11.89473],[-76.74701,-11.89439],[-76.74815,-11.89458],[-76.74959,-11.89531],[-76.75213,-11.89778],[-76.75392,-11.89892],[-76.75481,-11.90035],[-76.75706,-11.9029],[-76.76084,-11.90473],[-76.76287,-11.9055],[-76.76815,-11.90909],[-76.77074,-11.91101],[-76.77278,-11.91319],[-76.77542,-11.91465],[-76.77696,-11.91568],[-76.77879,-11.91524],[-76.78019,-11.91579],[-76.78333,-11.91825],[-76.78493,-11.91922],[-76.78834,-11.92254],[-76.78974,-11.92544],[-76.79168,-11.9276],[-76.79519,-11.92899],[-76.79801,-11.92936],[-76.80096,-11.92852],[-76.80757,-11.9277],[-76.8109,-11.92819],[-76.81217,-11.92802],[-76.81463,-11.92675],[-76.81637,-11.92682],[-76.82018,-11.92896],[-76.82291,-11.93198],[-76.82528,-11.93431],[-76.82603,-11.93658],[-76.8259,-11.94103],[-76.82647,-11.94234],[-76.82748,-11.94364],[-76.82931,-11.94499],[-76.832,-11.94516],[-76.83533,-11.94394],[-76.83979,-11.94139],[-76.84288,-11.93887],[-76.8455,-11.93578],[-76.8468,-11.93518],[-76.8506,-11.93514],[-76.853,-11.9362],[-76.85488,-11.93747],[-76.85716,-11.93947],[-76.85975,-11.94135],[-76.86845,-11.94502],[-76.87506,-11.94854],[-76.88189,-11.95113],[-76.88596,-11.95255],[-76.88824,-11.95516],[-76.89127,-11.95681],[-76.89289,-11.9571],[-76.89571,-11.95712],[-76.89892,-11.95774],[-76.90015,-11.9574],[-76.90199,-11.9561],[-76.90315,-11.95557],[-76.90632,-11.95542],[-76.90974,-11.9542],[-76.91074,-11.95415],[-76.91363,-11.95569],[-76.91698,-11.95962],[-76.91828,-11.96004],[-76.91956,-11.95959],[-76.92102,-11.95789],[-76.92123,-11.95665],[-76.92117,-11.95387],[-76.92281,-11.95076],[-76.92364,-11.94848],[-76.92487,-11.94649],[-76.92689,-11.9443],[-76.93126,-11.94223],[-76.93197,-11.94424],[-76.93312,-11.94585],[-76.93404,-11.94639],[-76.93636,-11.9472],[-76.93763,-11.94808],[-76.93943,-11.95058],[-76.94151,-11.95221],[-76.9441,-11.95307],[-76.94701,-11.95217],[-76.949,-11.95248],[-76.95038,-11.95382],[-76.95043,-11.95597],[-76.95086,-11.95841],[-76.95089,-11.96225],[-76.95104,-11.96389],[-76.95263,-11.96773],[-76.95399,-11.96968],[-76.95417,-11.97136],[-76.9581,-11.97588],[-76.95803,-11.97676],[-76.95899,-11.98009],[-76.96065,-11.98187],[-76.96231,-11.98412],[-76.96438,-11.98791],[-76.96643,-11.9927],[-76.96754,-11.99377],[-76.97047,-11.99542],[-76.97099,-11.99592],[-76.97118,-11.99798],[-76.9695,-12.00087],[-76.96891,-12.00261],[-76.96741,-12.00428],[-76.96643,-12.00477],[-76.96406,-12.00525],[-76.96133,-12.00645],[-76.95558,-12.01125],[-76.954,-12.01386],[-76.95272,-12.01862],[-76.95274,-12.01972],[-76.95363,-12.02186],[-76.95148,-12.02198],[-76.94914,-12.02106],[-76.94766,-12.02089],[-76.94332,-12.02149],[-76.94015,-12.02137],[-76.93737,-12.022],[-76.93591,-12.02216],[-76.93317,-12.02331],[-76.93208,-12.02308],[-76.92797,-12.02318],[-76.92475,-12.02227],[-76.92121,-12.02214],[-76.91908,-12.0212],[-76.9174,-12.0211],[-76.9146,-12.02041],[-76.91096,-12.02026],[-76.90876,-12.02045],[-76.90572,-12.01958],[-76.89891,-12.01593],[-76.89624,-12.01516],[-76.89378,-12.01386],[-76.89256,-12.01286],[-76.89143,-12.01287],[-76.88972,-12.01215],[-76.8885,-12.01217],[-76.88716,-12.01134],[-76.8847,-12.01081],[-76.88198,-12.00939],[-76.87817,-12.00924],[-76.87588,-12.0078],[-76.87227,-12.00693],[-76.87002,-12.00705],[-76.86739,-12.00659],[-76.86467,-12.00711],[-76.8602,-12.00635],[-76.85676,-12.00657],[-76.85581,-12.00556],[-76.85371,-12.00575],[-76.85178,-12.00461],[-76.84818,-12.00355],[-76.84689,-12.00352],[-76.84219,-12.00071],[-76.8407,-11.99946],[-76.83977,-11.99823],[-76.83946,-11.99529],[-76.83914,-11.99445],[-76.83785,-11.99346],[-76.83549,-11.99228],[-76.83212,-11.99009],[-76.82333,-11.98574],[-76.81833,-11.98409],[-76.81425,-11.98327],[-76.81051,-11.98326],[-76.80046,-11.98108],[-76.79666,-11.98065],[-76.79317,-11.9796],[-76.78596,-11.97806],[-76.78144,-11.97641],[-76.77182,-11.974],[-76.76759,-11.97316],[-76.76073,-11.97234],[-76.75858,-11.97132],[-76.75514,-11.9693],[-76.75198,-11.96817],[-76.7499,-11.96788],[-76.74453,-11.96767],[-76.74135,-11.96689],[-76.73723,-11.96478],[-76.7328,-11.96091],[-76.73157,-11.96115],[-76.72919,-11.96361],[-76.72666,-11.96745],[-76.72539,-11.96897],[-76.72322,-11.973],[-76.72244,-11.97559],[-76.72243,-11.97819],[-76.7219,-11.97979],[-76.72209,-11.98445],[-76.72188,-11.98542],[-76.72107,-11.98627],[-76.71928,-11.98689],[-76.71793,-11.98807],[-76.71605,-11.99028],[-76.71517,-11.99222]]]}},{"type":"Feature","properties":{"distrito":"Comas","provincia":"Lima"},"geometry":{"type":"Polygon","coordinates":[[[-76.98941,-11.89951],[-76.99052,-11.90013],[-76.99236,-11.90063],[-76.99372,-11.90014],[-76.99613,-11.89968],[-77.00005,-11.89964],[-77.00136,-11.90072],[-77.00278,-11.90119],[-77.00468,-11.9031],[-77.00549,-11.9036],[-77.00902,-11.90392],[-77.01195,-11.90325],[-77.01387,-11.90324],[-77.01584,-11.90444],[-77.01882,-11.90497],[-77.01994,-11.90541],[-77.02286,-11.90744],[-77.02438,-11.9088],[-77.02609,-11.90966],[-77.02858,-11.91041],[-77.03197,-11.91047],[-77.0355,-11.90937],[-77.03331,-11.90737],[-77.03836,-11.89967],[-77.04068,-11.89536],[-77.0421,-11.8945],[-77.04291,-11.89535],[-77.04351,-11.89743],[-77.04444,-11.89708],[-77.04521,-11.89812],[-77.04822,-11.8964],[-77.0467,-11.89373],[-77.04959,-11.88939],[-77.05025,-11.88863],[-77.05195,-11.88801],[-77.05299,-11.88835],[-77.05395,-11.8896],[-77.05529,-11.89151],[-77.05802,-11.89472],[-77.05881,-11.89501],[-77.05988,-11.89633],[-77.0601,-11.89719],[-77.06099,-11.89747],[-77.06229,-11.89929],[-77.06352,-11.89996],[-77.06561,-11.90339],[-77.06548,-11.90439],[-77.06658,-11.90699],[-77.06725,-11.90798],[-77.06821,-11.90848],[-77.06938,-11.90829],[-77.07197,-11.91388],[-77.07287,-11.91727],[-77.07362,-11.91774],[-77.07098,-11.94596],[-77.06985,-11.95317],[-77.06515,-11.95246],[-77.06451,-11.95642],[-77.06315,-11.96281],[-77.06014,-11.97661],[-77.05987,-11.97727],[-77.0581,-11.97679],[-77.05752,-11.97465],[-77.05698,-11.9753],[-77.05509,-11.97354],[-77.0534,-11.97289],[-77.05244,-11.97095],[-77.05064,-11.96841],[-77.04758,-11.96613],[-77.04547,-11.96558],[-77.04124,-11.96585],[-77.04002,-11.96576],[-77.03696,-11.96425],[-77.03379,-11.9619],[-77.0323,-11.96163],[-77.03011,-11.9616],[-77.02828,-11.96068],[-77.02701,-11.95831],[-77.02592,-11.95693],[-77.02333,-11.95452],[-77.01905,-11.95187],[-77.01764,-11.94958],[-77.0172,-11.94639],[-77.01607,-11.94195],[-77.01624,-11.9398],[-77.017,-11.93855],[-77.0201,-11.93686],[-77.02033,-11.93608],[-77.01805,-11.93572],[-77.016,-11.93672],[-77.01532,-11.9366],[-77.01376,-11.93528],[-77.00784,-11.93137],[-77.00671,-11.93042],[-77.00501,-11.92813],[-77.00222,-11.92535],[-77.00064,-11.9249],[-76.99958,-11.92352],[-76.99926,-11.92104],[-76.99821,-11.91914],[-76.9975,-11.91846],[-76.99535,-11.91812],[-76.98949,-11.91885],[-76.98834,-11.91856],[-76.98739,-11.9175],[-76.98755,-11.91677],[-76.98938,-11.91443],[-76.99081,-11.91203],[-76.99168,-11.90948],[-76.99153,-11.90806],[-76.98989,-11.90578],[-76.9892,-11.90411],[-76.98902,-11.90089],[-76.98941,-11.89951]]]}},{"type":"Feature","properties":{"distrito":"Ventanilla","provincia":"Callao"},"geometry":{"type":"Polygon","coordinates":[[[-77.12589,-11.82079],[-77.12684,-11.81848],[-77.128,-11.81923],[-77.13191,-11.81802],[-77.13265,-11.81926],[-77.13339,-11.81819],[-77.13521,-11.81782],[-77.13945,-11.81822],[-77.14031,-11.81989],[-77.14193,-11.82066],[-77.14404,-11.82095],[-77.14488,-11.81989],[-77.14589,-11.81928],[-77.14751,-11.81915],[-77.14854,-11.82015],[-77.14848,-11.8209],[-77.14994,-11.82184],[-77.15059,-11.82132],[-77.1524,-11.82086],[-77.15377,-11.82183],[-77.15515,-11.8222],[-77.15598,-11.82292],[-77.15677,-11.82585],[-77.16125,-11.82483],[-77.16288,-11.82523],[-77.163,-11.82632],[-77.16483,-11.82706],[-77.16572,-11.82648],[-77.16829,-11.82567],[-77.17003,-11.82681],[-77.173,-11.82633],[-77.17431,-11.82555],[-77.17684,-11.82632],[-77.17687,-11.82854],[-77.17978,-11.82763],[-77.18242,-11.82806],[-77.18336,-11.82778],[-77.18369,-11.82694],[-77.18494,-11.82564],[-77.18586,-11.82576],[-77.18701,-11.82676],[-77.18796,-11.82858],[-77.18638,-11.8283],[-77.18617,-11.82982],[-77.18722,-11.83089],[-77.18619,-11.83186],[-77.18577,-11.83398],[-77.18463,-11.83583],[-77.18462,-11.83708],[-77.1861,-11.83778],[-77.18681,-11.83907],[-77.18599,-11.84023],[-77.18306,-11.84028],[-77.18226,-11.83998],[-77.18201,-11.84151],[-77.18311,-11.84221],[-77.18337,-11.84322],[-77.18441,-11.84296],[-77.18378,-11.8445],[-77.18226,-11.84418],[-77.18132,-11.84541],[-77.18028,-11.84532],[-77.17683,-11.84424],[-77.17605,-11.84492],[-77.1748,-11.84446],[-77.17372,-11.84501],[-77.17163,-11.84797],[-77.16951,-11.85067],[-77.16818,-11.85278],[-77.16741,-11.85346],[-77.16637,-11.85585],[-77.16525,-11.85742],[-77.16442,-11.85924],[-77.16345,-11.86026],[-77.16183,-11.86351],[-77.16121,-11.86518],[-77.15917,-11.86884],[-77.15898,-11.86976],[-77.15784,-11.87186],[-77.15749,-11.87356],[-77.15624,-11.8764],[-77.15603,-11.87799],[-77.1552,-11.87932],[-77.15437,-11.88287],[-77.15402,-11.88339],[-77.15312,-11.88703],[-77.15149,-11.89282],[-77.15079,-11.8945],[-77.14935,-11.89679],[-77.14918,-11.89781],[-77.14848,-11.89858],[-77.1465,-11.90336],[-77.14612,-11.90519],[-77.14662,-11.9077],[-77.14627,-11.90804],[-77.14685,-11.90949],[-77.14514,-11.91001],[-77.14467,-11.91102],[-77.14515,-11.91214],[-77.1437,-11.91695],[-77.14286,-11.91895],[-77.14268,-11.9206],[-77.14154,-11.92294],[-77.13955,-11.93209],[-77.13937,-11.93405],[-77.13977,-11.93454],[-77.13896,-11.9393],[-77.13512,-11.93904],[-77.13265,-11.93837],[-77.13042,-11.93684],[-77.1285,-11.93756],[-77.12695,-11.93913],[-77.12459,-11.93951],[-77.12438,-11.94091],[-77.12282,-11.94344],[-77.12212,-11.9435],[-77.1209,-11.94443],[-77.12069,-11.94513],[-77.11912,-11.94479],[-77.11849,-11.94526],[-77.11722,-11.94536],[-77.11581,-11.94622],[-77.11359,-11.94621],[-77.11139,-11.94691],[-77.10805,-11.94843],[-77.10628,-11.94887],[-77.10163,-11.94956],[-77.09677,-11.95001],[-77.09522,-11.94968],[-77.09621,-11.949],[-77.09587,-11.94659],[-77.09533,-11.94521],[-77.09767,-11.94404],[-77.09824,-11.94071],[-77.09922,-11.9399],[-77.09963,-11.93879],[-77.1021,-11.93797],[-77.1027,-11.93657],[-77.10411,-11.93563],[-77.10318,-11.93418],[-77.1034,-11.93271],[-77.10264,-11.93179],[-77.1025,-11.92782],[-77.10144,-11.92723],[-77.1009,-11.92628],[-77.09987,-11.92607],[-77.09855,-11.92498],[-77.09727,-11.92431],[-77.09744,-11.92271],[-77.0972,-11.92067],[-77.09678,-11.91971],[-77.09689,-11.91859],[-77.09762,-11.91629],[-77.09572,-11.91535],[-77.09448,-11.91142],[-77.09308,-11.90987],[-77.09333,-11.90854],[-77.0924,-11.90631],[-77.092,-11.90382],[-77.09049,-11.90202],[-77.08997,-11.9002],[-77.08931,-11.89905],[-77.09059,-11.89619],[-77.09134,-11.8959],[-77.09091,-11.89437],[-77.09172,-11.89363],[-77.09321,-11.89156],[-77.09326,-11.89058],[-77.0923,-11.88867],[-77.09228,-11.88547],[-77.09274,-11.88401],[-77.09247,-11.88346],[-77.09352,-11.87975],[-77.09406,-11.87922],[-77.09456,-11.87494],[-77.09528,-11.87498],[-77.09552,-11.8735],[-77.0971,-11.87072],[-77.09891,-11.86973],[-77.10002,-11.86957],[-77.10094,-11.86993],[-77.10432,-11.86951],[-77.1059,-11.86809],[-77.1072,-11.86642],[-77.10667,-11.86427],[-77.10594,-11.86339],[-77.10546,-11.86109],[-77.10589,-11.85935],[-77.10673,-11.85834],[-77.10654,-11.85602],[-77.10944,-11.8536],[-77.11082,-11.85371],[-77.11238,-11.85546],[-77.11277,-11.85654],[-77.11437,-11.85766],[-77.1146,-11.85862],[-77.11645,-11.85985],[-77.11734,-11.86144],[-77.11986,-11.86279],[-77.12082,-11.86417],[-77.12102,-11.8651],[-77.12278,-11.86535],[-77.12319,-11.86295],[-77.12377,-11.86295],[-77.12383,-11.86058],[-77.1234,-11.85917],[-77.12924,-11.86174],[-77.13012,-11.86059],[-77.13042,-11.85957],[-77.12973,-11.85322],[-77.1288,-11.85173],[-77.12704,-11.85005],[-77.12497,-11.84952],[-77.12314,-11.8496],[-77.12048,-11.8486],[-77.11983,-11.84797],[-77.11883,-11.84571],[-77.11746,-11.84408],[-77.11509,-11.84172],[-77.11451,-11.84112],[-77.11588,-11.83954],[-77.11591,-11.83892],[-77.11478,-11.83481],[-77.11629,-11.83385],[-77.11742,-11.83244],[-77.11641,-11.83122],[-77.11959,-11.82862],[-77.12486,-11.82269],[-77.12589,-11.82079]]]}},{"type":"Feature","properties":{"distrito":"Santa Rosa","provincia":"Lima"},"geometry":{"type":"Polygon","coordinates":[[[-77.14751,-11.81915],[-77.13523,-11.80538],[-77.13472,-11.8043],[-77.15744,-11.78196],[-77.18716,-11.77984],[-77.19548,-11.77957],[-77.19543,-11.78047],[-77.1961,-11.7817],[-77.19687,-11.78222],[-77.19785,-11.78214],[-77.19816,-11.78355],[-77.19671,-11.78435],[-77.19453,-11.78416],[-77.1925,-11.7834],[-77.19026,-11.78359],[-77.18981,-11.78503],[-77.18861,-11.78607],[-77.18858,-11.78658],[-77.18737,-11.78763],[-77.18709,-11.78839],[-77.18596,-11.78854],[-77.18385,-11.79102],[-77.18252,-11.79294],[-77.18099,-11.79664],[-77.18178,-11.79733],[-77.1824,-11.79878],[-77.18179,-11.79993],[-77.17989,-11.79985],[-77.17806,-11.80222],[-77.17922,-11.80393],[-77.17877,-11.80498],[-77.17985,-11.80747],[-77.17813,-11.8077],[-77.178,-11.80837],[-77.17898,-11.80936],[-77.17779,-11.80958],[-77.17759,-11.81142],[-77.1766,-11.8145],[-77.17659,-11.8156],[-77.17739,-11.81617],[-77.1779,-11.81744],[-77.18026,-11.81707],[-77.18122,-11.81824],[-77.18228,-11.81836],[-77.18255,-11.81947],[-77.18323,-11.8201],[-77.18131,-11.82132],[-77.17971,-11.82207],[-77.17967,-11.82273],[-77.18242,-11.82276],[-77.18277,-11.82417],[-77.18423,-11.82382],[-77.18455,-11.82447],[-77.18579,-11.824],[-77.18636,-11.82489],[-77.18724,-11.82519],[-77.1878,-11.82619],[-77.18817,-11.82809],[-77.18796,-11.82858],[-77.18701,-11.82676],[-77.18586,-11.82576],[-77.18494,-11.82564],[-77.18369,-11.82694],[-77.18336,-11.82778],[-77.18242,-11.82806],[-77.17978,-11.82763],[-77.17687,-11.82854],[-77.17684,-11.82632],[-77.17431,-11.82555],[-77.173,-11.82633],[-77.17003,-11.82681],[-77.16829,-11.82567],[-77.16572,-11.82648],[-77.16483,-11.82706],[-77.163,-11.82632],[-77.16288,-11.82523],[-77.16125,-11.82483],[-77.15677,-11.82585],[-77.15598,-11.82292],[-77.15515,-11.8222],[-77.15377,-11.82183],[-77.1524,-11.82086],[-77.15059,-11.82132],[-77.14994,-11.82184],[-77.14848,-11.8209],[-77.14854,-11.82015],[-77.14751,-11.81915]]]}},{"type":"Feature","properties":{"distrito":"Puente Piedra","provincia":"Lima"},"geometry":{"type":"Polygon","coordinates":[[[-77.05395,-11.8896],[-77.05476,-11.8868],[-77.05688,-11.88385],[-77.05746,-11.88177],[-77.05707,-11.87998],[-77.05455,-11.87693],[-77.05447,-11.87547],[-77.05524,-11.87443],[-77.05815,-11.8722],[-77.0587,-11.87112],[-77.05914,-11.869],[-77.05846,-11.86393],[-77.05856,-11.86231],[-77.05936,-11.85919],[-77.06078,-11.85671],[-77.06316,-11.85396],[-77.06658,-11.85105],[-77.07285,-11.84775],[-77.07607,-11.84548],[-77.07872,-11.8414],[-77.08362,-11.83731],[-77.08597,-11.83505],[-77.08797,-11.83285],[-77.08942,-11.8304],[-77.09048,-11.82664],[-77.0909,-11.82192],[-77.09076,-11.81966],[-77.08961,-11.81706],[-77.08956,-11.81503],[-77.09013,-11.81309],[-77.09199,-11.81027],[-77.09287,-11.80843],[-77.09307,-11.80686],[-77.09292,-11.80374],[-77.09584,-11.80446],[-77.097,-11.80516],[-77.0985,-11.80655],[-77.10149,-11.81025],[-77.10291,-11.81154],[-77.1039,-11.81194],[-77.10664,-11.8124],[-77.10795,-11.81331],[-77.10941,-11.81548],[-77.10932,-11.81778],[-77.11056,-11.82063],[-77.11192,-11.82264],[-77.11422,-11.82438],[-77.11595,-11.82474],[-77.11801,-11.82459],[-77.121,-11.82272],[-77.12393,-11.82009],[-77.12514,-11.81989],[-77.12589,-11.82079],[-77.12486,-11.82269],[-77.11959,-11.82862],[-77.11641,-11.83122],[-77.11742,-11.83244],[-77.11629,-11.83385],[-77.11478,-11.83481],[-77.11591,-11.83892],[-77.11588,-11.83954],[-77.11451,-11.84112],[-77.11509,-11.84172],[-77.11334,-11.84297],[-77.11346,-11.84602],[-77.11297,-11.84757],[-77.1141,-11.8482],[-77.11533,-11.8472],[-77.11622,-11.84861],[-77.11483,-11.84997],[-77.11394,-11.85125],[-77.11262,-11.85027],[-77.11128,-11.8509],[-77.11122,-11.85251],[-77.11082,-11.85371],[-77.10944,-11.8536],[-77.10654,-11.85602],[-77.10673,-11.85834],[-77.10589,-11.85935],[-77.10546,-11.86109],[-77.10594,-11.86339],[-77.10667,-11.86427],[-77.1072,-11.86642],[-77.1059,-11.86809],[-77.10432,-11.86951],[-77.10094,-11.86993],[-77.10002,-11.86957],[-77.09891,-11.86973],[-77.0971,-11.87072],[-77.09552,-11.8735],[-77.09528,-11.87498],[-77.09456,-11.87494],[-77.09406,-11.87922],[-77.09352,-11.87975],[-77.09247,-11.88346],[-77.09274,-11.88401],[-77.09228,-11.88547],[-77.0923,-11.88867],[-77.09326,-11.89058],[-77.09321,-11.89156],[-77.09172,-11.89363],[-77.09091,-11.89437],[-77.09134,-11.8959],[-77.09059,-11.89619],[-77.08931,-11.89905],[-77.08997,-11.9002],[-77.09049,-11.90202],[-77.092,-11.90382],[-77.0924,-11.90631],[-77.09333,-11.90854],[-77.09308,-11.90987],[-77.09448,-11.91142],[-77.09572,-11.91535],[-77.09762,-11.91629],[-77.09689,-11.91859],[-77.09678,-11.91971],[-77.0972,-11.92067],[-77.09744,-11.92271],[-77.09727,-11.92431],[-77.09855,-11.92498],[-77.09987,-11.92607],[-77.1009,-11.92628],[-77.10144,-11.92723],[-77.1025,-11.92782],[-77.10264,-11.93179],[-77.1034,-11.93271],[-77.10318,-11.93418],[-77.10411,-11.93563],[-77.1027,-11.93657],[-77.1021,-11.93797],[-77.09963,-11.93879],[-77.09922,-11.9399],[-77.09824,-11.94071],[-77.09767,-11.94404],[-77.09533,-11.94521],[-77.09587,-11.94659],[-77.09621,-11.949],[-77.09522,-11.94968],[-77.09436,-11.94854],[-77.09423,-11.94649],[-77.09207,-11.94478],[-77.09078,-11.94438],[-77.08739,-11.94142],[-77.08504,-11.93788],[-77.08389,-11.93674],[-77.0828,-11.9357],[-77.08198,-11.93402],[-77.08116,-11.93171],[-77.08025,-11.93118],[-77.07795,-11.92925],[-77.07719,-11.92753],[-77.07704,-11.92377],[-77.07467,-11.9194],[-77.07362,-11.91774],[-77.07287,-11.91727],[-77.07197,-11.91388],[-77.06938,-11.90829],[-77.06821,-11.90848],[-77.06725,-11.90798],[-77.06658,-11.90699],[-77.06548,-11.90439],[-77.06561,-11.90339],[-77.06352,-11.89996],[-77.06229,-11.89929],[-77.06099,-11.89747],[-77.0601,-11.89719],[-77.05988,-11.89633],[-77.05881,-11.89501],[-77.05802,-11.89472],[-77.05529,-11.89151],[-77.05395,-11.8896]]]}},{"type":"Feature","properties":{"distrito":"Carmen de la Legua Reynoso","provincia":"Callao"},"geometry":{"type":"Polygon","coordinates":[[[-77.08155,-12.04702],[-77.08172,-12.04496],[-77.08263,-12.04504],[-77.08317,-12.03925],[-77.08259,-12.0392],[-77.08294,-12.03637],[-77.08522,-12.03695],[-77.09351,-12.03814],[-77.09446,-12.03868],[-77.0973,-12.03927],[-77.09913,-12.03998],[-77.09832,-12.04852],[-77.08155,-12.04702]]]}},{"type":"Feature","properties":{"distrito":"Cieneguilla","provincia":"Lima"},"geometry":{"type":"Polygon","coordinates":[[[-76.72018,-12.00011],[-76.72195,-11.99984],[-76.72596,-11.99994],[-76.72917,-11.99948],[-76.73325,-12.00042],[-76.7347,-12.00027],[-76.73676,-12.00107],[-76.73794,-12.0022],[-76.73942,-12.00293],[-76.74347,-12.00357],[-76.74739,-12.0061],[-76.74919,-12.00811],[-76.75,-12.01133],[-76.75098,-12.01381],[-76.75258,-12.01559],[-76.75457,-12.01731],[-76.75761,-12.01757],[-76.75995,-12.01871],[-76.76272,-12.01856],[-76.76453,-12.02039],[-76.76604,-12.01947],[-76.76743,-12.0194],[-76.77086,-12.0205],[-76.77421,-12.02066],[-76.77636,-12.02173],[-76.78073,-12.02186],[-76.78387,-12.02315],[-76.79914,-12.03274],[-76.80475,-12.03639],[-76.81051,-12.04048],[-76.81343,-12.0416],[-76.81852,-12.04133],[-76.82712,-12.0401],[-76.83279,-12.03952],[-76.84554,-12.03836],[-76.85292,-12.0376],[-76.86959,-12.0473],[-76.8867,-12.06048],[-76.88619,-12.06079],[-76.88385,-12.06114],[-76.88099,-12.06368],[-76.8783,-12.06322],[-76.87637,-12.06365],[-76.87352,-12.06394],[-76.87139,-12.06494],[-76.86929,-12.06509],[-76.86911,-12.06546],[-76.87094,-12.06678],[-76.87203,-12.06791],[-76.87357,-12.06886],[-76.87565,-12.07056],[-76.87691,-12.0712],[-76.87744,-12.0719],[-76.87712,-12.07286],[-76.87541,-12.07393],[-76.87676,-12.07653],[-76.87602,-12.07686],[-76.87583,-12.07809],[-76.87515,-12.07823],[-76.87626,-12.07999],[-76.87694,-12.08032],[-76.87592,-12.08269],[-76.87387,-12.08378],[-76.87291,-12.08485],[-76.87407,-12.08518],[-76.87377,-12.08672],[-76.8714,-12.08707],[-76.87134,-12.0885],[-76.86967,-12.09078],[-76.86903,-12.09102],[-76.86903,-12.0929],[-76.8677,-12.09359],[-76.86359,-12.09429],[-76.86424,-12.09853],[-76.86551,-12.10009],[-76.8644,-12.10049],[-76.86391,-12.10134],[-76.86458,-12.10236],[-76.86198,-12.10214],[-76.86041,-12.10137],[-76.85766,-12.10187],[-76.85753,-12.10365],[-76.85623,-12.10523],[-76.8583,-12.10727],[-76.85882,-12.10812],[-76.85721,-12.1083],[-76.85649,-12.10877],[-76.85564,-12.11018],[-76.85464,-12.11077],[-76.85229,-12.11125],[-76.8503,-12.11099],[-76.84725,-12.112],[-76.84714,-12.11479],[-76.84799,-12.11545],[-76.84842,-12.11642],[-76.85024,-12.11886],[-76.85033,-12.12033],[-76.84906,-12.12118],[-76.84716,-12.12327],[-76.84664,-12.12415],[-76.84661,-12.12912],[-76.84585,-12.13088],[-76.84634,-12.13326],[-76.84459,-12.13623],[-76.84443,-12.13767],[-76.84334,-12.13838],[-76.84082,-12.13853],[-76.83977,-12.13996],[-76.83761,-12.14126],[-76.83566,-12.14094],[-76.83505,-12.14172],[-76.83424,-12.14359],[-76.83173,-12.14584],[-76.82762,-12.14475],[-76.82403,-12.14455],[-76.81979,-12.1434],[-76.81509,-12.14183],[-76.81199,-12.14159],[-76.81003,-12.1411],[-76.80594,-12.14178],[-76.80361,-12.14152],[-76.80102,-12.14226],[-76.80029,-12.14353],[-76.79768,-12.14268],[-76.79479,-12.1426],[-76.79356,-12.14218],[-76.79161,-12.14234],[-76.78961,-12.14097],[-76.78855,-12.14108],[-76.78384,-12.13904],[-76.78053,-12.13814],[-76.7777,-12.13776],[-76.77437,-12.13633],[-76.77307,-12.13609],[-76.77002,-12.13486],[-76.768,-12.13496],[-76.767,-12.13562],[-76.76532,-12.13605],[-76.76369,-12.13538],[-76.76255,-12.13595],[-76.76068,-12.13622],[-76.75788,-12.13609],[-76.75515,-12.1362],[-76.7523,-12.13581],[-76.75069,-12.13584],[-76.74699,-12.13385],[-76.74621,-12.1332],[-76.7429,-12.13208],[-76.74142,-12.13193],[-76.73967,-12.13101],[-76.73778,-12.13039],[-76.73662,-12.1295],[-76.73436,-12.12915],[-76.73272,-12.12761],[-76.73154,-12.12581],[-76.73044,-12.12465],[-76.72782,-12.12398],[-76.72502,-12.1239],[-76.72402,-12.12341],[-76.72191,-12.1232],[-76.72081,-12.1223],[-76.71828,-12.12098],[-76.71757,-12.1204],[-76.71755,-12.11864],[-76.71714,-12.11771],[-76.71448,-12.11618],[-76.71082,-12.11506],[-76.71012,-12.11318],[-76.71175,-12.11039],[-76.7136,-12.10797],[-76.71396,-12.10712],[-76.71468,-12.10351],[-76.71579,-12.10183],[-76.71676,-12.09983],[-76.71598,-12.09768],[-76.71383,-12.09506],[-76.71122,-12.09359],[-76.7099,-12.09243],[-76.70833,-12.09066],[-76.70604,-12.08903],[-76.70519,-12.08638],[-76.70478,-12.08605],[-76.70315,-12.08633],[-76.70045,-12.08624],[-76.6992,-12.08724],[-76.69663,-12.08839],[-76.69318,-12.0882],[-76.68848,-12.08725],[-76.6861,-12.08843],[-76.68506,-12.08844],[-76.68448,-12.0878],[-76.68423,-12.08595],[-76.68283,-12.08446],[-76.68103,-12.08352],[-76.67912,-12.08059],[-76.67865,-12.07942],[-76.6763,-12.07712],[-76.67445,-12.07453],[-76.67351,-12.07351],[-76.67363,-12.07201],[-76.6744,-12.07046],[-76.67465,-12.06887],[-76.6742,-12.0663],[-76.67415,-12.06438],[-76.67463,-12.06206],[-76.67707,-12.05519],[-76.67808,-12.05298],[-76.68098,-12.04973],[-76.68273,-12.04889],[-76.68369,-12.04796],[-76.68717,-12.04525],[-76.68898,-12.04442],[-76.69042,-12.0422],[-76.6921,-12.04062],[-76.69509,-12.03706],[-76.69768,-12.03539],[-76.70031,-12.03429],[-76.70131,-12.03314],[-76.70352,-12.03353],[-76.7043,-12.03397],[-76.70436,-12.03629],[-76.70525,-12.03757],[-76.70832,-12.03942],[-76.71013,-12.03991],[-76.71156,-12.03973],[-76.71328,-12.03866],[-76.71573,-12.0381],[-76.71719,-12.0391],[-76.71791,-12.04031],[-76.71922,-12.04158],[-76.72144,-12.03951],[-76.72391,-12.03628],[-76.72401,-12.03541],[-76.72288,-12.03372],[-76.72183,-12.03132],[-76.72208,-12.02866],[-76.72331,-12.02374],[-76.72365,-12.02094],[-76.72323,-12.01887],[-76.72318,-12.01658],[-76.72397,-12.01482],[-76.72348,-12.01167],[-76.72188,-12.00964],[-76.7216,-12.00849],[-76.72162,-12.00571],[-76.71994,-12.00318],[-76.72018,-12.00011]]]}},{"type":"Feature","properties":{"distrito":"Pucusana","provincia":"Lima"},"geometry":{"type":"Polygon","coordinates":[[[-76.7531,-12.42812],[-76.75346,-12.42891],[-76.75524,-12.42788],[-76.75716,-12.42441],[-76.76002,-12.4236],[-76.76151,-12.42232],[-76.76165,-12.42073],[-76.76213,-12.41932],[-76.76285,-12.4188],[-76.76398,-12.41892],[-76.76524,-12.41972],[-76.76755,-12.42064],[-76.77006,-12.42056],[-76.77115,-12.42086],[-76.77225,-12.42256],[-76.7727,-12.42526],[-76.77384,-12.42649],[-76.77457,-12.42658],[-76.77573,-12.42581],[-76.77666,-12.42465],[-76.77733,-12.42256],[-76.77875,-12.41966],[-76.77903,-12.41831],[-76.78013,-12.41751],[-76.7811,-12.41782],[-76.78033,-12.4189],[-76.77949,-12.42082],[-76.77901,-12.42093],[-76.77836,-12.42302],[-76.77872,-12.42625],[-76.77798,-12.42912],[-76.77668,-12.43088],[-76.77559,-12.43342],[-76.77521,-12.43524],[-76.77493,-12.438],[-76.77523,-12.43921],[-76.7774,-12.44246],[-76.77808,-12.44143],[-76.77935,-12.44212],[-76.77963,-12.44323],[-76.78222,-12.44494],[-76.78241,-12.44381],[-76.78341,-12.44412],[-76.78453,-12.44274],[-76.78499,-12.44454],[-76.78391,-12.45107],[-76.78296,-12.45306],[-76.78359,-12.45536],[-76.78474,-12.4563],[-76.78635,-12.45565],[-76.78829,-12.45631],[-76.78802,-12.45738],[-76.78877,-12.45872],[-76.78841,-12.45976],[-76.78827,-12.4632],[-76.7894,-12.46437],[-76.79078,-12.46457],[-76.79054,-12.46587],[-76.79124,-12.46814],[-76.78928,-12.46928],[-76.78945,-12.47121],[-76.79071,-12.47147],[-76.79153,-12.4729],[-76.79229,-12.47356],[-76.7922,-12.47478],[-76.79123,-12.4756],[-76.79067,-12.47694],[-76.79152,-12.4782],[-76.79297,-12.47902],[-76.79511,-12.47948],[-76.79669,-12.47897],[-76.79807,-12.48073],[-76.80075,-12.4801],[-76.80084,-12.47885],[-76.80205,-12.47917],[-76.80305,-12.4802],[-76.80223,-12.48158],[-76.80217,-12.48268],[-76.80135,-12.48296],[-76.80055,-12.48466],[-76.79913,-12.48571],[-76.79884,-12.48669],[-76.79946,-12.48827],[-76.7981,-12.4896],[-76.799,-12.49059],[-76.79891,-12.49159],[-76.79968,-12.4926],[-76.8,-12.49443],[-76.80108,-12.49542],[-76.80299,-12.49535],[-76.80381,-12.49435],[-76.80532,-12.49419],[-76.80548,-12.49566],[-76.80498,-12.49672],[-76.80288,-12.49694],[-76.80237,-12.49799],[-76.80105,-12.49798],[-76.80025,-12.49843],[-76.7991,-12.50031],[-76.79916,-12.50207],[-76.80055,-12.50241],[-76.80112,-12.5038],[-76.80261,-12.50468],[-76.80297,-12.50695],[-76.80372,-12.50799],[-76.80334,-12.50929],[-76.80219,-12.50947],[-76.79937,-12.50826],[-76.79862,-12.50999],[-76.79781,-12.51093],[-76.79706,-12.5106],[-76.79494,-12.51213],[-76.79307,-12.51293],[-76.79197,-12.51425],[-76.78921,-12.51562],[-76.78793,-12.51567],[-76.78757,-12.51631],[-76.78624,-12.51712],[-76.78656,-12.51784],[-76.7847,-12.5189],[-76.78276,-12.51945],[-76.79116,-12.50537],[-76.79121,-12.50458],[-76.79046,-12.50308],[-76.78909,-12.50172],[-76.78766,-12.50138],[-76.78579,-12.50018],[-76.78255,-12.4989],[-76.77955,-12.49731],[-76.77662,-12.49705],[-76.77454,-12.49635],[-76.77314,-12.49493],[-76.77132,-12.49229],[-76.76989,-12.49179],[-76.77014,-12.48921],[-76.76913,-12.48503],[-76.76816,-12.48265],[-76.77018,-12.48125],[-76.75949,-12.47697],[-76.75702,-12.47573],[-76.75599,-12.47481],[-76.7553,-12.47349],[-76.75421,-12.47024],[-76.75238,-12.46549],[-76.75156,-12.46273],[-76.75425,-12.45305],[-76.75648,-12.44543],[-76.75658,-12.44285],[-76.7542,-12.43456],[-76.75285,-12.43186],[-76.7531,-12.42812]]]}},{"type":"Feature","properties":{"distrito":"Lince","provincia":"Lima"},"geometry":{"type":"Polygon","coordinates":[[[-77.02807,-12.07871],[-77.03632,-12.07987],[-77.04182,-12.08061],[-77.04197,-12.08289],[-77.04372,-12.08315],[-77.04637,-12.08303],[-77.04859,-12.08502],[-77.04762,-12.09158],[-77.04645,-12.09167],[-77.04306,-12.0912],[-77.04317,-12.09045],[-77.03373,-12.08917],[-77.03346,-12.09073],[-77.02988,-12.09119],[-77.03017,-12.09191],[-77.02281,-12.09081],[-77.02471,-12.08712],[-77.02807,-12.07871]]]}},{"type":"Feature","properties":{"distrito":"Rímac","provincia":"Lima"},"geometry":{"type":"Polygon","coordinates":[[[-77.01261,-12.03732],[-77.01471,-12.03693],[-77.01646,-12.03603],[-77.01892,-12.0323],[-77.02133,-12.02936],[-77.02205,-12.02818],[-77.02216,-12.02557],[-77.02054,-12.02331],[-77.01961,-12.02108],[-77.01958,-12.01952],[-77.01995,-12.01705],[-77.02082,-12.01461],[-77.02281,-12.01183],[-77.02334,-12.01015],[-77.02535,-12.00824],[-77.02557,-12.00606],[-77.02817,-12.00347],[-77.02919,-11.99777],[-77.03065,-11.99639],[-77.03122,-11.99806],[-77.03243,-12.00015],[-77.0368,-12.00347],[-77.04393,-12.01012],[-77.04488,-12.01171],[-77.04596,-12.01666],[-77.04739,-12.0172],[-77.04767,-12.01625],[-77.04874,-12.01493],[-77.04865,-12.01337],[-77.04971,-12.0108],[-77.05027,-12.01054],[-77.05302,-12.01105],[-77.05046,-12.02271],[-77.05009,-12.02315],[-77.04436,-12.02841],[-77.04341,-12.03884],[-77.03968,-12.03901],[-77.03624,-12.04057],[-77.03079,-12.0428],[-77.02729,-12.04357],[-77.02212,-12.04382],[-77.01891,-12.04439],[-77.01649,-12.04388],[-77.0149,-12.04267],[-77.0132,-12.03984],[-77.01261,-12.03732]]]}},{"type":"Feature","properties":{"distrito":"Chaclacayo","provincia":"Lima"},"geometry":{"type":"Polygon","coordinates":[[[-76.72018,-12.00011],[-76.7193,-11.99897],[-76.71831,-11.99688],[-76.71647,-11.99431],[-76.71517,-11.99222],[-76.71605,-11.99028],[-76.71793,-11.98807],[-76.71928,-11.98689],[-76.72107,-11.98627],[-76.72188,-11.98542],[-76.72209,-11.98445],[-76.7219,-11.97979],[-76.72243,-11.97819],[-76.72244,-11.97559],[-76.72322,-11.973],[-76.72539,-11.96897],[-76.72666,-11.96745],[-76.72919,-11.96361],[-76.73157,-11.96115],[-76.7328,-11.96091],[-76.73723,-11.96478],[-76.74135,-11.96689],[-76.74453,-11.96767],[-76.7499,-11.96788],[-76.75198,-11.96817],[-76.75514,-11.9693],[-76.75858,-11.97132],[-76.76073,-11.97234],[-76.76759,-11.97316],[-76.77182,-11.974],[-76.78144,-11.97641],[-76.78596,-11.97806],[-76.79317,-11.9796],[-76.79666,-11.98065],[-76.80046,-11.98108],[-76.81051,-11.98326],[-76.81425,-11.98327],[-76.81833,-11.98409],[-76.82333,-11.98574],[-76.83212,-11.99009],[-76.83549,-11.99228],[-76.83398,-11.99344],[-76.83022,-11.9954],[-76.82726,-11.99749],[-76.82513,-11.99801],[-76.82297,-11.99807],[-76.82192,-12.00001],[-76.82117,-12.00068],[-76.81686,-12.00133],[-76.81396,-12.00212],[-76.81072,-12.00066],[-76.80927,-11.99959],[-76.80546,-11.99783],[-76.80376,-11.9984],[-76.80295,-11.99926],[-76.80158,-12.0014],[-76.80125,-12.0028],[-76.80011,-12.00335],[-76.79822,-12.00243],[-76.79676,-12.0023],[-76.79536,-12.00272],[-76.79361,-12.00361],[-76.78989,-12.00421],[-76.78828,-12.00512],[-76.78588,-12.0077],[-76.78535,-12.00856],[-76.78546,-12.01067],[-76.78499,-12.01274],[-76.78474,-12.0166],[-76.78413,-12.01897],[-76.78387,-12.02315],[-76.78073,-12.02186],[-76.77636,-12.02173],[-76.77421,-12.02066],[-76.77086,-12.0205],[-76.76743,-12.0194],[-76.76604,-12.01947],[-76.76453,-12.02039],[-76.76272,-12.01856],[-76.75995,-12.01871],[-76.75761,-12.01757],[-76.75457,-12.01731],[-76.75258,-12.01559],[-76.75098,-12.01381],[-76.75,-12.01133],[-76.74919,-12.00811],[-76.74739,-12.0061],[-76.74347,-12.00357],[-76.73942,-12.00293],[-76.73794,-12.0022],[-76.73676,-12.00107],[-76.7347,-12.00027],[-76.73325,-12.00042],[-76.72917,-11.99948],[-76.72596,-11.99994],[-76.72195,-11.99984],[-76.72018,-12.00011]]]}},{"type":"Feature","properties":{"distrito":"Surquillo","provincia":"Lima"},"geometry":{"type":"Polygon","coordinates":[[[-77.0105,-12.10729],[-77.01469,-12.10804],[-77.01655,-12.10557],[-77.01612,-12.10356],[-77.01641,-12.1023],[-77.01877,-12.10192],[-77.02738,-12.10288],[-77.0273,-12.10612],[-77.02642,-12.10826],[-77.02591,-12.11337],[-77.02616,-12.11666],[-77.02585,-12.11912],[-77.0241,-12.11984],[-77.01823,-12.11941],[-77.01821,-12.12056],[-77.01728,-12.12055],[-77.01729,-12.11944],[-77.0138,-12.11938],[-77.01325,-12.11879],[-77.01303,-12.11753],[-77.01017,-12.11569],[-77.00267,-12.12652],[-77.0021,-12.12543],[-77.00077,-12.12438],[-76.99882,-12.12145],[-76.99815,-12.12009],[-76.99744,-12.11997],[-76.99609,-12.1165],[-76.99548,-12.1156],[-76.99382,-12.11228],[-76.99373,-12.11127],[-77.00961,-12.11238],[-77.00999,-12.10836],[-77.0105,-12.10729]]]}},{"type":"Feature","properties":{"distrito":"Miraflores","provincia":"Lima"},"geometry":{"type":"Polygon","coordinates":[[[-77.00267,-12.12652],[-77.01017,-12.11569],[-77.01303,-12.11753],[-77.01325,-12.11879],[-77.0138,-12.11938],[-77.01729,-12.11944],[-77.01728,-12.12055],[-77.01821,-12.12056],[-77.01823,-12.11941],[-77.0241,-12.11984],[-77.02585,-12.11912],[-77.02616,-12.11666],[-77.02591,-12.11337],[-77.02642,-12.10826],[-77.0273,-12.10612],[-77.02738,-12.10288],[-77.03149,-12.10355],[-77.03661,-12.11002],[-77.03716,-12.11007],[-77.03825,-12.10897],[-77.03904,-12.10975],[-77.04046,-12.10835],[-77.04311,-12.11085],[-77.04415,-12.11048],[-77.04619,-12.11046],[-77.04669,-12.11094],[-77.04927,-12.10837],[-77.0514,-12.11035],[-77.05327,-12.10896],[-77.05446,-12.10987],[-77.05603,-12.11158],[-77.05269,-12.11381],[-77.051,-12.11553],[-77.05046,-12.11639],[-77.04872,-12.1179],[-77.04624,-12.11936],[-77.04557,-12.12035],[-77.04607,-12.12126],[-77.04345,-12.12306],[-77.04044,-12.1246],[-77.03886,-12.12597],[-77.03858,-12.12685],[-77.03768,-12.12764],[-77.03718,-12.12877],[-77.03505,-12.13096],[-77.03035,-12.13396],[-77.02955,-12.13512],[-77.02802,-12.13942],[-77.02656,-12.13778],[-77.02581,-12.1365],[-77.023,-12.13527],[-77.0217,-12.13407],[-77.01953,-12.13053],[-77.01915,-12.13127],[-77.018,-12.13125],[-77.01802,-12.13042],[-77.01643,-12.13054],[-77.01558,-12.12954],[-77.01374,-12.12941],[-77.01257,-12.13081],[-77.01131,-12.13008],[-77.00943,-12.12991],[-77.00954,-12.12762],[-77.00163,-12.12886],[-77.00134,-12.12836],[-77.00267,-12.12652]]]}},{"type":"Feature","properties":{"distrito":"La Punta","provincia":"Callao"},"geometry":{"type":"Polygon","coordinates":[[[-77.1584,-12.06661],[-77.16006,-12.06794],[-77.16228,-12.06901],[-77.16526,-12.07011],[-77.16631,-12.0701],[-77.16693,-12.06756],[-77.16817,-12.06858],[-77.16878,-12.0712],[-77.16948,-12.07201],[-77.17056,-12.07222],[-77.1698,-12.0745],[-77.16636,-12.0742],[-77.16478,-12.07461],[-77.16323,-12.07538],[-77.15902,-12.07414],[-77.15806,-12.07292],[-77.15707,-12.07254],[-77.15789,-12.07125],[-77.15675,-12.0686],[-77.1584,-12.06661]]]}},{"type":"Feature","properties":{"distrito":"Pueblo Libre","provincia":"Lima"},"geometry":{"type":"Polygon","coordinates":[[[-77.06321,-12.08648],[-77.04974,-12.07017],[-77.0542,-12.06655],[-77.06117,-12.06752],[-77.06566,-12.06761],[-77.07773,-12.06855],[-77.07841,-12.0731],[-77.08021,-12.07558],[-77.08088,-12.07709],[-77.08071,-12.07831],[-77.0794,-12.07864],[-77.07142,-12.08159],[-77.0721,-12.08358],[-77.06438,-12.08633],[-77.06321,-12.08648]]]}},{"type":"Feature","properties":{"distrito":"Santa Anita","provincia":"Lima"},"geometry":{"type":"Polygon","coordinates":[[[-76.93789,-12.04393],[-76.93996,-12.03861],[-76.94287,-12.03238],[-76.94306,-12.03087],[-76.9425,-12.03075],[-76.94276,-12.0283],[-76.94381,-12.0275],[-76.95537,-12.02936],[-76.95583,-12.02959],[-76.95691,-12.02947],[-76.95882,-12.03005],[-76.96306,-12.03177],[-76.96484,-12.0329],[-76.96652,-12.0341],[-76.96866,-12.03574],[-76.97422,-12.03992],[-76.97512,-12.04024],[-76.976,-12.04042],[-76.97743,-12.04049],[-76.97834,-12.04029],[-76.98003,-12.04058],[-76.98101,-12.04053],[-76.98137,-12.04049],[-76.98215,-12.04038],[-76.98323,-12.04014],[-76.98443,-12.03944],[-76.98511,-12.03994],[-76.98804,-12.03952],[-76.98768,-12.04051],[-76.98699,-12.04163],[-76.98549,-12.04352],[-76.98459,-12.04425],[-76.98586,-12.04744],[-76.98849,-12.04871],[-76.98913,-12.05059],[-76.98888,-12.05289],[-76.9856,-12.05711],[-76.98502,-12.05737],[-76.98386,-12.05702],[-76.98292,-12.05637],[-76.98086,-12.05522],[-76.978,-12.05505],[-76.97535,-12.05387],[-76.97317,-12.05846],[-76.96588,-12.05538],[-76.95943,-12.05253],[-76.95749,-12.05176],[-76.93789,-12.04393]]]}},{"type":"Feature","properties":{"distrito":"La Perla","provincia":"Callao"},"geometry":{"type":"Polygon","coordinates":[[[-77.11135,-12.07919],[-77.11047,-12.07724],[-77.10998,-12.07745],[-77.10756,-12.07362],[-77.10599,-12.07425],[-77.10486,-12.07199],[-77.10414,-12.06878],[-77.10395,-12.06682],[-77.10461,-12.06317],[-77.10733,-12.06327],[-77.11991,-12.06542],[-77.1319,-12.06765],[-77.13294,-12.06779],[-77.13259,-12.07049],[-77.13073,-12.07121],[-77.12885,-12.07158],[-77.12627,-12.07286],[-77.12209,-12.07467],[-77.11846,-12.07601],[-77.11135,-12.07919]]]}},{"type":"Feature","properties":{"distrito":"San Miguel","provincia":"Lima"},"geometry":{"type":"Polygon","coordinates":[[[-77.0721,-12.08358],[-77.07142,-12.08159],[-77.0794,-12.07864],[-77.08071,-12.07831],[-77.08088,-12.07709],[-77.08021,-12.07558],[-77.07841,-12.0731],[-77.07773,-12.06855],[-77.07854,-12.0624],[-77.07894,-12.06026],[-77.08305,-12.06127],[-77.08815,-12.06161],[-77.09289,-12.06211],[-77.10461,-12.06317],[-77.10395,-12.06682],[-77.10414,-12.06878],[-77.10486,-12.07199],[-77.10599,-12.07425],[-77.10756,-12.07362],[-77.10998,-12.07745],[-77.11047,-12.07724],[-77.11135,-12.07919],[-77.10949,-12.08041],[-77.10612,-12.082],[-77.10438,-12.0831],[-77.10235,-12.08391],[-77.09965,-12.08466],[-77.09351,-12.08763],[-77.09011,-12.08963],[-77.08224,-12.09356],[-77.07794,-12.09582],[-77.07768,-12.09559],[-77.07511,-12.0886],[-77.07409,-12.08894],[-77.07375,-12.08796],[-77.07491,-12.0875],[-77.07392,-12.08568],[-77.07354,-12.08581],[-77.0721,-12.08358]]]}},{"type":"Feature","properties":{"distrito":"La Victoria","provincia":"Lima"},"geometry":{"type":"Polygon","coordinates":[[[-77.00316,-12.06262],[-77.01077,-12.06083],[-77.01559,-12.0614],[-77.01661,-12.05889],[-77.01742,-12.05746],[-77.03541,-12.05955],[-77.03532,-12.06038],[-77.02807,-12.07871],[-77.02471,-12.08712],[-77.02281,-12.09081],[-77.00985,-12.08896],[-77.01015,-12.08653],[-77.01002,-12.0849],[-77.00414,-12.08408],[-77.00484,-12.08182],[-77.00602,-12.0808],[-77.00947,-12.07953],[-77.01036,-12.0782],[-77.00989,-12.07668],[-77.00788,-12.07493],[-77.0025,-12.07192],[-76.99629,-12.06832],[-76.99993,-12.0635],[-77.00123,-12.06334],[-77.00316,-12.06262]]]}},{"type":"Feature","properties":{"distrito":"Bellavista","provincia":"Callao"},"geometry":{"type":"Polygon","coordinates":[[[-77.13294,-12.06779],[-77.1319,-12.06765],[-77.11991,-12.06542],[-77.10733,-12.06327],[-77.10461,-12.06317],[-77.09289,-12.06211],[-77.08815,-12.06161],[-77.08847,-12.05868],[-77.08767,-12.05199],[-77.08791,-12.05175],[-77.08977,-12.05204],[-77.10142,-12.05414],[-77.10584,-12.05505],[-77.11494,-12.05705],[-77.12085,-12.05824],[-77.13424,-12.05969],[-77.13309,-12.06757],[-77.13294,-12.06779]]]}},{"type":"Feature","properties":{"distrito":"Carabayllo","provincia":"Lima"},"geometry":{"type":"Polygon","coordinates":[[[-76.89423,-11.86471],[-76.89383,-11.86231],[-76.89233,-11.85785],[-76.89156,-11.85653],[-76.89017,-11.85559],[-76.88574,-11.85339],[-76.88152,-11.8525],[-76.87855,-11.85148],[-76.87418,-11.84842],[-76.8724,-11.84753],[-76.86898,-11.84532],[-76.86769,-11.84244],[-76.86684,-11.84106],[-76.86523,-11.84022],[-76.86367,-11.83905],[-76.86066,-11.83881],[-76.85952,-11.83699],[-76.85758,-11.83567],[-76.8555,-11.83458],[-76.85373,-11.8333],[-76.85169,-11.83134],[-76.84847,-11.83028],[-76.84777,-11.82981],[-76.84491,-11.82914],[-76.84404,-11.82858],[-76.84419,-11.82714],[-76.84376,-11.82449],[-76.84414,-11.82192],[-76.84346,-11.81761],[-76.84351,-11.81492],[-76.84401,-11.81287],[-76.84535,-11.81094],[-76.84663,-11.80775],[-76.84752,-11.80604],[-76.84872,-11.8044],[-76.84931,-11.80163],[-76.84995,-11.80028],[-76.85071,-11.79747],[-76.84932,-11.79619],[-76.84923,-11.79512],[-76.84831,-11.79378],[-76.84645,-11.79242],[-76.84504,-11.79031],[-76.84424,-11.78705],[-76.84263,-11.7847],[-76.84074,-11.78391],[-76.83918,-11.78293],[-76.8373,-11.78138],[-76.8357,-11.77936],[-76.83468,-11.77886],[-76.83074,-11.77843],[-76.82769,-11.77766],[-76.82712,-11.77614],[-76.82631,-11.77544],[-76.82338,-11.77407],[-76.82138,-11.77365],[-76.82084,-11.7732],[-76.81962,-11.77082],[-76.81826,-11.76989],[-76.81688,-11.76939],[-76.81279,-11.76644],[-76.81137,-11.76336],[-76.80994,-11.76214],[-76.80737,-11.75933],[-76.80661,-11.75779],[-76.80466,-11.75571],[-76.80449,-11.75468],[-76.80546,-11.75286],[-76.80806,-11.75206],[-76.81017,-11.75024],[-76.81478,-11.74867],[-76.81591,-11.74793],[-76.81934,-11.74764],[-76.82063,-11.74715],[-76.82265,-11.74702],[-76.82544,-11.74742],[-76.82752,-11.74662],[-76.8302,-11.74461],[-76.83267,-11.74333],[-76.83382,-11.74376],[-76.83428,-11.74498],[-76.83527,-11.74585],[-76.8388,-11.74718],[-76.84311,-11.7467],[-76.8451,-11.74615],[-76.84685,-11.74623],[-76.84894,-11.74739],[-76.85146,-11.74852],[-76.85254,-11.74876],[-76.85483,-11.7482],[-76.85642,-11.7481],[-76.85783,-11.74842],[-76.8605,-11.74861],[-76.86457,-11.74816],[-76.86699,-11.7473],[-76.86799,-11.74639],[-76.86851,-11.74503],[-76.86966,-11.74405],[-76.87153,-11.74353],[-76.87374,-11.74376],[-76.87502,-11.74305],[-76.87581,-11.74208],[-76.87735,-11.73881],[-76.87786,-11.73736],[-76.87839,-11.73452],[-76.87847,-11.73273],[-76.87884,-11.7321],[-76.87988,-11.73227],[-76.88038,-11.7339],[-76.88245,-11.73576],[-76.88383,-11.73608],[-76.88588,-11.7358],[-76.88829,-11.73424],[-76.88996,-11.7326],[-76.89182,-11.7315],[-76.89225,-11.73065],[-76.89319,-11.7301],[-76.89491,-11.72973],[-76.89705,-11.73007],[-76.89999,-11.7293],[-76.90216,-11.72904],[-76.90398,-11.72982],[-76.90582,-11.72993],[-76.90784,-11.73073],[-76.9126,-11.73169],[-76.91404,-11.73217],[-76.91452,-11.73482],[-76.91469,-11.73687],[-76.91454,-11.73832],[-76.91491,-11.74279],[-76.91551,-11.74463],[-76.91776,-11.74691],[-76.9185,-11.74726],[-76.91949,-11.74904],[-76.9218,-11.75089],[-76.92491,-11.75232],[-76.92696,-11.75264],[-76.93123,-11.75436],[-76.93253,-11.75535],[-76.93329,-11.75639],[-76.93458,-11.75516],[-76.93665,-11.7527],[-76.93973,-11.75092],[-76.94209,-11.75055],[-76.9454,-11.75064],[-76.94753,-11.74897],[-76.95,-11.74793],[-76.95015,-11.74684],[-76.95097,-11.74565],[-76.95249,-11.74453],[-76.95479,-11.73995],[-76.95516,-11.73702],[-76.95632,-11.73611],[-76.95804,-11.73597],[-76.9604,-11.73449],[-76.96185,-11.73411],[-76.96334,-11.7345],[-76.96756,-11.73469],[-76.96889,-11.7349],[-76.97008,-11.73607],[-76.9736,-11.73609],[-76.97396,-11.73664],[-76.97464,-11.74035],[-76.97449,-11.74291],[-76.97367,-11.74797],[-76.97658,-11.74783],[-76.97867,-11.74678],[-76.9811,-11.74603],[-76.98345,-11.74603],[-76.98482,-11.74632],[-76.99266,-11.75016],[-76.99437,-11.75136],[-76.99747,-11.75207],[-76.99853,-11.75181],[-77.00118,-11.75177],[-77.00424,-11.75088],[-77.00773,-11.7512],[-77.01048,-11.75125],[-77.01382,-11.75052],[-77.01663,-11.74965],[-77.02005,-11.74765],[-77.02125,-11.74634],[-77.02312,-11.74479],[-77.02472,-11.7432],[-77.02798,-11.74183],[-77.03188,-11.74107],[-77.03246,-11.74071],[-77.03247,-11.74073],[-77.03249,-11.74077],[-77.03249,-11.74077],[-77.03251,-11.74081],[-77.03251,-11.74081],[-77.03253,-11.74084],[-77.03253,-11.74085],[-77.03255,-11.74088],[-77.03257,-11.74092],[-77.03258,-11.74093],[-77.0326,-11.74097],[-77.0326,-11.74098],[-77.03263,-11.74102],[-77.03265,-11.74107],[-77.03267,-11.7411],[-77.03268,-11.74112],[-77.03269,-11.74114],[-77.03271,-11.74117],[-77.03273,-11.74121],[-77.03273,-11.74122],[-77.03275,-11.74124],[-77.03279,-11.74132],[-77.03279,-11.74133],[-77.0328,-11.74134],[-77.03281,-11.74136],[-77.03284,-11.74143],[-77.03285,-11.74144],[-77.03286,-11.74146],[-77.03296,-11.74162],[-77.03299,-11.74167],[-77.03488,-11.74486],[-77.03947,-11.75191],[-77.04032,-11.7526],[-77.04309,-11.7537],[-77.04385,-11.75486],[-77.04425,-11.7571],[-77.04503,-11.75837],[-77.04597,-11.75914],[-77.04968,-11.76118],[-77.05187,-11.76358],[-77.05219,-11.76584],[-77.05385,-11.76813],[-77.05474,-11.77025],[-77.05475,-11.77308],[-77.05405,-11.77569],[-77.0539,-11.77716],[-77.05415,-11.77875],[-77.0556,-11.78362],[-77.05765,-11.78581],[-77.06088,-11.78753],[-77.06375,-11.78844],[-77.07098,-11.78997],[-77.07299,-11.79081],[-77.07402,-11.79207],[-77.07481,-11.79548],[-77.07665,-11.79726],[-77.07952,-11.79813],[-77.08261,-11.80037],[-77.08514,-11.80174],[-77.09292,-11.80374],[-77.09307,-11.80686],[-77.09287,-11.80843],[-77.09199,-11.81027],[-77.09013,-11.81309],[-77.08956,-11.81503],[-77.08961,-11.81706],[-77.09076,-11.81966],[-77.0909,-11.82192],[-77.09048,-11.82664],[-77.08942,-11.8304],[-77.08797,-11.83285],[-77.08597,-11.83505],[-77.08362,-11.83731],[-77.07872,-11.8414],[-77.07607,-11.84548],[-77.07285,-11.84775],[-77.06658,-11.85105],[-77.06316,-11.85396],[-77.06078,-11.85671],[-77.05936,-11.85919],[-77.05856,-11.86231],[-77.05846,-11.86393],[-77.05914,-11.869],[-77.0587,-11.87112],[-77.05815,-11.8722],[-77.05524,-11.87443],[-77.05447,-11.87547],[-77.05455,-11.87693],[-77.05707,-11.87998],[-77.05746,-11.88177],[-77.05688,-11.88385],[-77.05476,-11.8868],[-77.05395,-11.8896],[-77.05299,-11.88835],[-77.05195,-11.88801],[-77.05025,-11.88863],[-77.04959,-11.88939],[-77.0467,-11.89373],[-77.04822,-11.8964],[-77.04521,-11.89812],[-77.04444,-11.89708],[-77.04351,-11.89743],[-77.04291,-11.89535],[-77.0421,-11.8945],[-77.04068,-11.89536],[-77.03836,-11.89967],[-77.03331,-11.90737],[-77.0355,-11.90937],[-77.03197,-11.91047],[-77.02858,-11.91041],[-77.02609,-11.90966],[-77.02438,-11.9088],[-77.02286,-11.90744],[-77.01994,-11.90541],[-77.01882,-11.90497],[-77.01584,-11.90444],[-77.01387,-11.90324],[-77.01195,-11.90325],[-77.00902,-11.90392],[-77.00549,-11.9036],[-77.00468,-11.9031],[-77.00278,-11.90119],[-77.00136,-11.90072],[-77.00005,-11.89964],[-76.99613,-11.89968],[-76.99372,-11.90014],[-76.99236,-11.90063],[-76.99052,-11.90013],[-76.98941,-11.89951],[-76.9893,-11.89848],[-76.98621,-11.89565],[-76.98379,-11.89374],[-76.98046,-11.89154],[-76.9748,-11.88658],[-76.97028,-11.88215],[-76.9682,-11.8793],[-76.96613,-11.87754],[-76.96413,-11.87538],[-76.96156,-11.87335],[-76.95776,-11.87144],[-76.95652,-11.86857],[-76.95454,-11.8662],[-76.95134,-11.86449],[-76.94735,-11.86167],[-76.94353,-11.86154],[-76.94228,-11.86087],[-76.94118,-11.86273],[-76.9403,-11.86488],[-76.93967,-11.86577],[-76.93622,-11.86935],[-76.93418,-11.87027],[-76.93118,-11.87037],[-76.9282,-11.87077],[-76.92505,-11.86992],[-76.92396,-11.86926],[-76.92131,-11.86823],[-76.91836,-11.86693],[-76.91634,-11.86574],[-76.91367,-11.86518],[-76.90841,-11.86469],[-76.90556,-11.8647],[-76.90384,-11.86495],[-76.90054,-11.864],[-76.89791,-11.86432],[-76.89591,-11.86416],[-76.89423,-11.86471]]]}},{"type":"Feature","properties":{"distrito":"Breña","provincia":"Lima"},"geometry":{"type":"Polygon","coordinates":[[[-77.04974,-12.07017],[-77.04575,-12.06535],[-77.04151,-12.0602],[-77.0424,-12.05087],[-77.0456,-12.05069],[-77.05208,-12.04934],[-77.05375,-12.04913],[-77.0554,-12.05262],[-77.05755,-12.05555],[-77.05926,-12.06207],[-77.06117,-12.06752],[-77.0542,-12.06655],[-77.04974,-12.07017]]]}},{"type":"Feature","properties":{"distrito":"Lurín","provincia":"Lima"},"geometry":{"type":"Polygon","coordinates":[[[-76.66336,-12.17901],[-76.6657,-12.18037],[-76.66756,-12.18044],[-76.67426,-12.1766],[-76.67674,-12.17582],[-76.67869,-12.17566],[-76.68258,-12.17617],[-76.68564,-12.17729],[-76.68691,-12.17807],[-76.68972,-12.1808],[-76.6905,-12.18123],[-76.69447,-12.17946],[-76.6993,-12.17898],[-76.70074,-12.17831],[-76.70306,-12.17815],[-76.70507,-12.17718],[-76.70679,-12.17592],[-76.70834,-12.1729],[-76.70981,-12.17134],[-76.71153,-12.16994],[-76.7169,-12.16871],[-76.71885,-12.16871],[-76.72278,-12.16702],[-76.72662,-12.16588],[-76.72764,-12.16539],[-76.73051,-12.16515],[-76.73398,-12.16441],[-76.73492,-12.16447],[-76.73795,-12.16657],[-76.74072,-12.16766],[-76.74168,-12.16841],[-76.7423,-12.17041],[-76.74288,-12.17145],[-76.74338,-12.17387],[-76.74466,-12.17622],[-76.74605,-12.17746],[-76.74683,-12.17771],[-76.75073,-12.17694],[-76.75184,-12.17896],[-76.75452,-12.18178],[-76.75606,-12.18293],[-76.7572,-12.18427],[-76.7589,-12.18507],[-76.7599,-12.18522],[-76.76225,-12.18465],[-76.76623,-12.18468],[-76.76884,-12.18501],[-76.76973,-12.18567],[-76.77068,-12.18803],[-76.77306,-12.19035],[-76.77535,-12.19084],[-76.77686,-12.19157],[-76.7794,-12.19498],[-76.78188,-12.19676],[-76.78364,-12.19698],[-76.78505,-12.19651],[-76.78784,-12.19628],[-76.78947,-12.19664],[-76.79169,-12.19677],[-76.79376,-12.19722],[-76.79626,-12.19644],[-76.798,-12.19555],[-76.80312,-12.19544],[-76.80498,-12.1963],[-76.80693,-12.19625],[-76.81001,-12.19704],[-76.81351,-12.19688],[-76.81563,-12.1972],[-76.81761,-12.19934],[-76.81836,-12.20125],[-76.81855,-12.20345],[-76.81952,-12.20535],[-76.82066,-12.20657],[-76.82278,-12.2081],[-76.82523,-12.21087],[-76.82809,-12.21198],[-76.83036,-12.21375],[-76.83298,-12.21443],[-76.83508,-12.21566],[-76.83768,-12.21574],[-76.83916,-12.21629],[-76.84143,-12.21679],[-76.8429,-12.21781],[-76.84387,-12.21887],[-76.84655,-12.22043],[-76.84638,-12.22154],[-76.84547,-12.22232],[-76.84276,-12.22558],[-76.84421,-12.22788],[-76.84488,-12.23032],[-76.84466,-12.23097],[-76.84347,-12.23176],[-76.84267,-12.23288],[-76.84269,-12.23593],[-76.84301,-12.23643],[-76.84596,-12.23754],[-76.8493,-12.23949],[-76.85101,-12.23777],[-76.85234,-12.23536],[-76.85271,-12.23337],[-76.854,-12.23322],[-76.85579,-12.23384],[-76.8604,-12.23788],[-76.86195,-12.23723],[-76.86268,-12.23589],[-76.86456,-12.2342],[-76.86423,-12.23212],[-76.86591,-12.23072],[-76.86596,-12.22825],[-76.8669,-12.22789],[-76.86798,-12.2285],[-76.86928,-12.22838],[-76.87005,-12.22758],[-76.87113,-12.22575],[-76.87259,-12.22449],[-76.87123,-12.2212],[-76.87128,-12.2202],[-76.87482,-12.219],[-76.87709,-12.21771],[-76.87881,-12.21577],[-76.88168,-12.21358],[-76.88394,-12.2102],[-76.88689,-12.21002],[-76.8897,-12.20887],[-76.88972,-12.20975],[-76.88855,-12.21193],[-76.88866,-12.21291],[-76.89099,-12.21453],[-76.89378,-12.21528],[-76.89565,-12.21669],[-76.89702,-12.2165],[-76.89828,-12.21729],[-76.89943,-12.2176],[-76.90061,-12.21924],[-76.90308,-12.22823],[-76.90436,-12.23079],[-76.90542,-12.23196],[-76.90642,-12.23245],[-76.90781,-12.23231],[-76.91001,-12.23133],[-76.91196,-12.23634],[-76.91257,-12.23831],[-76.91249,-12.23976],[-76.91148,-12.24107],[-76.91466,-12.24307],[-76.91562,-12.24495],[-76.9161,-12.24837],[-76.9173,-12.24863],[-76.92495,-12.24887],[-76.92581,-12.25181],[-76.92622,-12.25201],[-76.93306,-12.24769],[-76.93509,-12.25116],[-76.93274,-12.25215],[-76.92816,-12.25536],[-76.92789,-12.25591],[-76.92549,-12.25759],[-76.9226,-12.25926],[-76.91929,-12.26203],[-76.91663,-12.26366],[-76.91472,-12.26508],[-76.9132,-12.26579],[-76.91148,-12.26746],[-76.90823,-12.26962],[-76.90685,-12.26984],[-76.90446,-12.27229],[-76.90305,-12.27312],[-76.89542,-12.281],[-76.89254,-12.28313],[-76.88884,-12.28508],[-76.88318,-12.28693],[-76.88055,-12.28824],[-76.8756,-12.29029],[-76.87267,-12.29161],[-76.86941,-12.29286],[-76.86724,-12.29391],[-76.86534,-12.29454],[-76.8645,-12.29517],[-76.86289,-12.2955],[-76.8621,-12.29632],[-76.85795,-12.29877],[-76.85404,-12.30135],[-76.85292,-12.30251],[-76.85019,-12.30415],[-76.84911,-12.30585],[-76.84713,-12.30672],[-76.8454,-12.3085],[-76.84517,-12.3083],[-76.81996,-12.28309],[-76.81776,-12.28258],[-76.80456,-12.27803],[-76.8008,-12.27431],[-76.7993,-12.27144],[-76.79802,-12.27004],[-76.7968,-12.26826],[-76.79376,-12.2661],[-76.79232,-12.26481],[-76.79022,-12.26405],[-76.78954,-12.26345],[-76.78813,-12.26358],[-76.78596,-12.26341],[-76.78343,-12.26386],[-76.78065,-12.26378],[-76.77811,-12.26242],[-76.77393,-12.26218],[-76.77202,-12.26086],[-76.77129,-12.26097],[-76.76881,-12.26024],[-76.76744,-12.259],[-76.76655,-12.25607],[-76.7644,-12.25242],[-76.76025,-12.25019],[-76.75898,-12.25047],[-76.75814,-12.25242],[-76.75741,-12.25285],[-76.75518,-12.25266],[-76.7535,-12.25185],[-76.75258,-12.25172],[-76.74847,-12.25319],[-76.74324,-12.25314],[-76.74088,-12.25372],[-76.73849,-12.25257],[-76.73673,-12.25235],[-76.73347,-12.2491],[-76.73168,-12.24504],[-76.7306,-12.2439],[-76.72929,-12.2434],[-76.7278,-12.24341],[-76.72222,-12.24229],[-76.72147,-12.24133],[-76.72166,-12.23509],[-76.72133,-12.23385],[-76.7191,-12.22948],[-76.71635,-12.22659],[-76.71479,-12.22451],[-76.71335,-12.22354],[-76.70855,-12.2228],[-76.70771,-12.22222],[-76.70601,-12.22004],[-76.70174,-12.21842],[-76.70015,-12.21688],[-76.69851,-12.21671],[-76.69731,-12.21484],[-76.69692,-12.21278],[-76.69528,-12.21043],[-76.69597,-12.20879],[-76.69545,-12.20721],[-76.69359,-12.20559],[-76.69302,-12.20442],[-76.69126,-12.20305],[-76.69109,-12.20232],[-76.68918,-12.20085],[-76.68822,-12.20048],[-76.68703,-12.19919],[-76.68473,-12.19794],[-76.68378,-12.19488],[-76.68269,-12.19349],[-76.6804,-12.19338],[-76.67959,-12.19261],[-76.67807,-12.1919],[-76.67721,-12.1908],[-76.67534,-12.19026],[-76.67463,-12.18951],[-76.67342,-12.18902],[-76.67097,-12.18717],[-76.66862,-12.18622],[-76.66669,-12.18573],[-76.66531,-12.1848],[-76.66415,-12.183],[-76.6639,-12.18044],[-76.66336,-12.17901]]]}},{"type":"Feature","properties":{"distrito":"San Bartolo","provincia":"Lima"},"geometry":{"type":"Polygon","coordinates":[[[-76.75616,-12.39759],[-76.75507,-12.39688],[-76.75242,-12.39562],[-76.75159,-12.39448],[-76.74125,-12.39846],[-76.73987,-12.39736],[-76.73809,-12.39677],[-76.73572,-12.39716],[-76.7327,-12.39597],[-76.73146,-12.39704],[-76.73082,-12.39714],[-76.72897,-12.3963],[-76.72616,-12.39542],[-76.72204,-12.39598],[-76.72008,-12.39445],[-76.71875,-12.39299],[-76.71743,-12.39317],[-76.71504,-12.39099],[-76.71349,-12.39036],[-76.71251,-12.38938],[-76.71034,-12.38933],[-76.70874,-12.38784],[-76.70268,-12.38526],[-76.70063,-12.38328],[-76.70008,-12.38313],[-76.69675,-12.38366],[-76.6954,-12.38355],[-76.69342,-12.38403],[-76.68891,-12.38327],[-76.68711,-12.38316],[-76.68537,-12.38276],[-76.68389,-12.38197],[-76.68194,-12.38127],[-76.6795,-12.37976],[-76.67646,-12.37706],[-76.67405,-12.37452],[-76.67339,-12.37312],[-76.67375,-12.37171],[-76.67376,-12.37029],[-76.67009,-12.36521],[-76.66773,-12.36279],[-76.66728,-12.36207],[-76.66812,-12.36023],[-76.67282,-12.35967],[-76.67407,-12.35981],[-76.67551,-12.35901],[-76.67683,-12.3574],[-76.67762,-12.35546],[-76.67881,-12.35453],[-76.68067,-12.3545],[-76.68229,-12.35311],[-76.68252,-12.35244],[-76.68173,-12.35074],[-76.68152,-12.34962],[-76.68168,-12.34776],[-76.68143,-12.34536],[-76.67982,-12.34205],[-76.67886,-12.34089],[-76.67764,-12.33886],[-76.67761,-12.33782],[-76.67846,-12.33347],[-76.6806,-12.33424],[-76.68207,-12.33513],[-76.68575,-12.33633],[-76.68812,-12.33771],[-76.69108,-12.33864],[-76.6936,-12.33992],[-76.69753,-12.34082],[-76.69929,-12.34059],[-76.70141,-12.33899],[-76.70238,-12.33887],[-76.70505,-12.34],[-76.70927,-12.34036],[-76.71248,-12.34039],[-76.71412,-12.34104],[-76.71824,-12.34186],[-76.71897,-12.34236],[-76.72091,-12.34241],[-76.72259,-12.34181],[-76.72547,-12.34133],[-76.73089,-12.34331],[-76.73206,-12.34355],[-76.73636,-12.34624],[-76.73979,-12.34742],[-76.74057,-12.34876],[-76.74237,-12.35031],[-76.74297,-12.35128],[-76.74442,-12.35247],[-76.74656,-12.35333],[-76.74795,-12.35362],[-76.75037,-12.35463],[-76.75212,-12.35584],[-76.75331,-12.35603],[-76.75553,-12.35728],[-76.75828,-12.35997],[-76.75943,-12.3607],[-76.7615,-12.36318],[-76.76405,-12.36514],[-76.76601,-12.36793],[-76.76915,-12.36962],[-76.76997,-12.37057],[-76.77239,-12.37219],[-76.77487,-12.3741],[-76.77576,-12.37444],[-76.77881,-12.37706],[-76.78038,-12.37761],[-76.78248,-12.37959],[-76.78413,-12.38065],[-76.78506,-12.38168],[-76.78688,-12.38281],[-76.78795,-12.38409],[-76.78973,-12.38522],[-76.78929,-12.38597],[-76.78805,-12.38595],[-76.78503,-12.385],[-76.78391,-12.38565],[-76.78228,-12.3872],[-76.78192,-12.38889],[-76.7835,-12.38982],[-76.78357,-12.3908],[-76.78256,-12.39162],[-76.7813,-12.39105],[-76.78026,-12.39167],[-76.77877,-12.39144],[-76.77736,-12.39386],[-76.77814,-12.39502],[-76.7791,-12.39434],[-76.78039,-12.39468],[-76.77971,-12.39592],[-76.78039,-12.39722],[-76.78145,-12.39794],[-76.78038,-12.39884],[-76.7799,-12.40011],[-76.77907,-12.40058],[-76.77898,-12.39876],[-76.77762,-12.39883],[-76.77659,-12.39783],[-76.7761,-12.39807],[-76.77495,-12.39538],[-76.77479,-12.39403],[-76.77517,-12.39318],[-76.77071,-12.38715],[-76.76965,-12.38635],[-76.76748,-12.38791],[-76.76562,-12.38975],[-76.75836,-12.39647],[-76.75616,-12.39759]]]}},{"type":"Feature","properties":{"distrito":"Santa María del Mar","provincia":"Lima"},"geometry":{"type":"Polygon","coordinates":[[[-76.7531,-12.42812],[-76.7536,-12.42174],[-76.75395,-12.41872],[-76.75615,-12.40976],[-76.75622,-12.40371],[-76.75574,-12.39883],[-76.75616,-12.39759],[-76.75836,-12.39647],[-76.76562,-12.38975],[-76.76748,-12.38791],[-76.76965,-12.38635],[-76.77071,-12.38715],[-76.77517,-12.39318],[-76.77479,-12.39403],[-76.77495,-12.39538],[-76.7761,-12.39807],[-76.77659,-12.39783],[-76.77762,-12.39883],[-76.77898,-12.39876],[-76.77907,-12.40058],[-76.77846,-12.39986],[-76.77727,-12.40126],[-76.77631,-12.40342],[-76.77627,-12.40562],[-76.77704,-12.40637],[-76.77642,-12.40693],[-76.77605,-12.40816],[-76.77707,-12.40934],[-76.77747,-12.41109],[-76.77869,-12.41179],[-76.77948,-12.41169],[-76.78067,-12.40998],[-76.78158,-12.41001],[-76.78078,-12.41164],[-76.78141,-12.41442],[-76.78099,-12.41629],[-76.78013,-12.41751],[-76.77903,-12.41831],[-76.77875,-12.41966],[-76.77733,-12.42256],[-76.77666,-12.42465],[-76.77573,-12.42581],[-76.77457,-12.42658],[-76.77384,-12.42649],[-76.7727,-12.42526],[-76.77225,-12.42256],[-76.77115,-12.42086],[-76.77006,-12.42056],[-76.76755,-12.42064],[-76.76524,-12.41972],[-76.76398,-12.41892],[-76.76285,-12.4188],[-76.76213,-12.41932],[-76.76165,-12.42073],[-76.76151,-12.42232],[-76.76002,-12.4236],[-76.75716,-12.42441],[-76.75524,-12.42788],[-76.75346,-12.42891],[-76.7531,-12.42812]]]}},{"type":"Feature","properties":{"distrito":"Punta Hermosa","provincia":"Lima"},"geometry":{"type":"Polygon","coordinates":[[[-76.81761,-12.34744],[-76.81637,-12.34734],[-76.81431,-12.34608],[-76.81276,-12.34571],[-76.81014,-12.34437],[-76.80774,-12.34142],[-76.80338,-12.3378],[-76.80041,-12.33334],[-76.7989,-12.33195],[-76.79653,-12.33031],[-76.79514,-12.32893],[-76.79051,-12.32616],[-76.78625,-12.32482],[-76.78345,-12.32333],[-76.78233,-12.32236],[-76.78018,-12.32122],[-76.77719,-12.31916],[-76.77193,-12.31406],[-76.76898,-12.31265],[-76.76626,-12.31205],[-76.7644,-12.31098],[-76.76321,-12.30969],[-76.7636,-12.30771],[-76.7632,-12.30681],[-76.76182,-12.30673],[-76.76054,-12.30783],[-76.7589,-12.30851],[-76.757,-12.30985],[-76.75618,-12.30984],[-76.75465,-12.30913],[-76.75281,-12.30757],[-76.75226,-12.30747],[-76.75019,-12.30568],[-76.74976,-12.30491],[-76.74914,-12.30173],[-76.74684,-12.29969],[-76.74568,-12.2978],[-76.74384,-12.29611],[-76.73358,-12.29579],[-76.72833,-12.29445],[-76.7256,-12.2932],[-76.7232,-12.29161],[-76.71981,-12.28693],[-76.71742,-12.28454],[-76.71643,-12.28382],[-76.71503,-12.2817],[-76.71368,-12.28027],[-76.71048,-12.27784],[-76.70716,-12.27618],[-76.70532,-12.27418],[-76.7045,-12.27391],[-76.70249,-12.27248],[-76.70006,-12.27139],[-76.69716,-12.27077],[-76.69504,-12.27002],[-76.69357,-12.26979],[-76.69184,-12.26775],[-76.6909,-12.26764],[-76.68955,-12.26664],[-76.688,-12.26497],[-76.6861,-12.26234],[-76.68408,-12.26079],[-76.68219,-12.26023],[-76.67875,-12.25686],[-76.67723,-12.25622],[-76.67483,-12.25416],[-76.67432,-12.25321],[-76.67218,-12.25155],[-76.66995,-12.24798],[-76.66836,-12.24648],[-76.66721,-12.24574],[-76.6658,-12.2439],[-76.66508,-12.24246],[-76.6647,-12.24066],[-76.6635,-12.23965],[-76.66257,-12.23677],[-76.66143,-12.23504],[-76.66126,-12.23221],[-76.66164,-12.23036],[-76.65954,-12.22829],[-76.65909,-12.22717],[-76.65614,-12.22468],[-76.65519,-12.22254],[-76.65429,-12.22151],[-76.6538,-12.22005],[-76.65386,-12.21603],[-76.65112,-12.21372],[-76.64734,-12.2139],[-76.64567,-12.21215],[-76.64592,-12.21109],[-76.6476,-12.20981],[-76.64864,-12.208],[-76.65082,-12.20172],[-76.6511,-12.19963],[-76.65069,-12.19786],[-76.65158,-12.19662],[-76.6522,-12.19331],[-76.65263,-12.19261],[-76.65453,-12.19133],[-76.6555,-12.18999],[-76.65636,-12.18822],[-76.65699,-12.18603],[-76.65773,-12.18447],[-76.65879,-12.18342],[-76.65992,-12.18168],[-76.66203,-12.17796],[-76.66295,-12.17805],[-76.66336,-12.17901],[-76.6639,-12.18044],[-76.66415,-12.183],[-76.66531,-12.1848],[-76.66669,-12.18573],[-76.66862,-12.18622],[-76.67097,-12.18717],[-76.67342,-12.18902],[-76.67463,-12.18951],[-76.67534,-12.19026],[-76.67721,-12.1908],[-76.67807,-12.1919],[-76.67959,-12.19261],[-76.6804,-12.19338],[-76.68269,-12.19349],[-76.68378,-12.19488],[-76.68473,-12.19794],[-76.68703,-12.19919],[-76.68822,-12.20048],[-76.68918,-12.20085],[-76.69109,-12.20232],[-76.69126,-12.20305],[-76.69302,-12.20442],[-76.69359,-12.20559],[-76.69545,-12.20721],[-76.69597,-12.20879],[-76.69528,-12.21043],[-76.69692,-12.21278],[-76.69731,-12.21484],[-76.69851,-12.21671],[-76.70015,-12.21688],[-76.70174,-12.21842],[-76.70601,-12.22004],[-76.70771,-12.22222],[-76.70855,-12.2228],[-76.71335,-12.22354],[-76.71479,-12.22451],[-76.71635,-12.22659],[-76.7191,-12.22948],[-76.72133,-12.23385],[-76.72166,-12.23509],[-76.72147,-12.24133],[-76.72222,-12.24229],[-76.7278,-12.24341],[-76.72929,-12.2434],[-76.7306,-12.2439],[-76.73168,-12.24504],[-76.73347,-12.2491],[-76.73673,-12.25235],[-76.73849,-12.25257],[-76.74088,-12.25372],[-76.74324,-12.25314],[-76.74847,-12.25319],[-76.75258,-12.25172],[-76.7535,-12.25185],[-76.75518,-12.25266],[-76.75741,-12.25285],[-76.75814,-12.25242],[-76.75898,-12.25047],[-76.76025,-12.25019],[-76.7644,-12.25242],[-76.76655,-12.25607],[-76.76744,-12.259],[-76.76881,-12.26024],[-76.77129,-12.26097],[-76.77202,-12.26086],[-76.77393,-12.26218],[-76.77811,-12.26242],[-76.78065,-12.26378],[-76.78343,-12.26386],[-76.78596,-12.26341],[-76.78813,-12.26358],[-76.78954,-12.26345],[-76.79022,-12.26405],[-76.79232,-12.26481],[-76.79376,-12.2661],[-76.7968,-12.26826],[-76.79802,-12.27004],[-76.7993,-12.27144],[-76.8008,-12.27431],[-76.80456,-12.27803],[-76.81776,-12.28258],[-76.81996,-12.28309],[-76.84517,-12.3083],[-76.8454,-12.3085],[-76.84395,-12.30991],[-76.84312,-12.31195],[-76.84313,-12.31325],[-76.84214,-12.31273],[-76.8398,-12.31284],[-76.83691,-12.31553],[-76.83587,-12.3178],[-76.83562,-12.32006],[-76.83768,-12.3222],[-76.8379,-12.32407],[-76.83726,-12.3249],[-76.83628,-12.32481],[-76.83511,-12.32559],[-76.83453,-12.32706],[-76.83511,-12.32902],[-76.83411,-12.32955],[-76.83252,-12.32982],[-76.83076,-12.33144],[-76.83105,-12.33432],[-76.82965,-12.33512],[-76.82826,-12.33641],[-76.82846,-12.33809],[-76.82779,-12.33887],[-76.82505,-12.34006],[-76.82712,-12.34273],[-76.8263,-12.343],[-76.82499,-12.34176],[-76.82465,-12.33982],[-76.82291,-12.33844],[-76.82029,-12.33896],[-76.81916,-12.33961],[-76.81745,-12.34129],[-76.81613,-12.3436],[-76.81643,-12.34572],[-76.81761,-12.34744]]]}},{"type":"Feature","properties":{"distrito":"Punta Negra","provincia":"Lima"},"geometry":{"type":"Polygon","coordinates":[[[-76.67846,-12.33347],[-76.67716,-12.33019],[-76.67702,-12.32765],[-76.67601,-12.32579],[-76.67545,-12.32396],[-76.67436,-12.32207],[-76.67399,-12.31952],[-76.67282,-12.31937],[-76.67024,-12.31988],[-76.66724,-12.31694],[-76.66594,-12.31343],[-76.66515,-12.313],[-76.66409,-12.31159],[-76.66401,-12.30999],[-76.66255,-12.30839],[-76.66182,-12.30824],[-76.66049,-12.30895],[-76.65925,-12.30866],[-76.65617,-12.30618],[-76.65417,-12.30506],[-76.65365,-12.3034],[-76.65353,-12.30125],[-76.65285,-12.29948],[-76.65298,-12.29788],[-76.65238,-12.29357],[-76.65259,-12.29152],[-76.65183,-12.29058],[-76.65184,-12.28943],[-76.65097,-12.28535],[-76.65008,-12.28444],[-76.64535,-12.28376],[-76.64064,-12.28167],[-76.63845,-12.28017],[-76.63637,-12.27901],[-76.63591,-12.27846],[-76.63411,-12.27364],[-76.632,-12.26943],[-76.6321,-12.26826],[-76.63295,-12.26617],[-76.6313,-12.26409],[-76.62995,-12.26159],[-76.62909,-12.26044],[-76.62819,-12.26003],[-76.62807,-12.25767],[-76.62674,-12.25522],[-76.62561,-12.25243],[-76.62458,-12.25129],[-76.62468,-12.2502],[-76.62579,-12.24669],[-76.62574,-12.24591],[-76.624,-12.2423],[-76.62079,-12.23858],[-76.62069,-12.23705],[-76.62118,-12.23343],[-76.62157,-12.23241],[-76.62181,-12.23003],[-76.62106,-12.22667],[-76.62257,-12.22475],[-76.62438,-12.22333],[-76.62725,-12.22233],[-76.6328,-12.22005],[-76.63528,-12.21986],[-76.63775,-12.21885],[-76.6386,-12.21767],[-76.63873,-12.21623],[-76.63944,-12.21457],[-76.64305,-12.21215],[-76.64592,-12.21109],[-76.64567,-12.21215],[-76.64734,-12.2139],[-76.65112,-12.21372],[-76.65386,-12.21603],[-76.6538,-12.22005],[-76.65429,-12.22151],[-76.65519,-12.22254],[-76.65614,-12.22468],[-76.65909,-12.22717],[-76.65954,-12.22829],[-76.66164,-12.23036],[-76.66126,-12.23221],[-76.66143,-12.23504],[-76.66257,-12.23677],[-76.6635,-12.23965],[-76.6647,-12.24066],[-76.66508,-12.24246],[-76.6658,-12.2439],[-76.66721,-12.24574],[-76.66836,-12.24648],[-76.66995,-12.24798],[-76.67218,-12.25155],[-76.67432,-12.25321],[-76.67483,-12.25416],[-76.67723,-12.25622],[-76.67875,-12.25686],[-76.68219,-12.26023],[-76.68408,-12.26079],[-76.6861,-12.26234],[-76.688,-12.26497],[-76.68955,-12.26664],[-76.6909,-12.26764],[-76.69184,-12.26775],[-76.69357,-12.26979],[-76.69504,-12.27002],[-76.69716,-12.27077],[-76.70006,-12.27139],[-76.70249,-12.27248],[-76.7045,-12.27391],[-76.70532,-12.27418],[-76.70716,-12.27618],[-76.71048,-12.27784],[-76.71368,-12.28027],[-76.71503,-12.2817],[-76.71643,-12.28382],[-76.71742,-12.28454],[-76.71981,-12.28693],[-76.7232,-12.29161],[-76.7256,-12.2932],[-76.72833,-12.29445],[-76.73358,-12.29579],[-76.74384,-12.29611],[-76.74568,-12.2978],[-76.74684,-12.29969],[-76.74914,-12.30173],[-76.74976,-12.30491],[-76.75019,-12.30568],[-76.75226,-12.30747],[-76.75281,-12.30757],[-76.75465,-12.30913],[-76.75618,-12.30984],[-76.757,-12.30985],[-76.7589,-12.30851],[-76.76054,-12.30783],[-76.76182,-12.30673],[-76.7632,-12.30681],[-76.7636,-12.30771],[-76.76321,-12.30969],[-76.7644,-12.31098],[-76.76626,-12.31205],[-76.76898,-12.31265],[-76.77193,-12.31406],[-76.77719,-12.31916],[-76.78018,-12.32122],[-76.78233,-12.32236],[-76.78345,-12.32333],[-76.78625,-12.32482],[-76.79051,-12.32616],[-76.79514,-12.32893],[-76.79653,-12.33031],[-76.7989,-12.33195],[-76.80041,-12.33334],[-76.80338,-12.3378],[-76.80774,-12.34142],[-76.81014,-12.34437],[-76.81276,-12.34571],[-76.81431,-12.34608],[-76.81637,-12.34734],[-76.81761,-12.34744],[-76.81764,-12.34949],[-76.81733,-12.34992],[-76.81767,-12.35136],[-76.81663,-12.35275],[-76.81458,-12.35308],[-76.8111,-12.35473],[-76.80853,-12.35623],[-76.80685,-12.35687],[-76.80346,-12.35878],[-76.80071,-12.36064],[-76.79928,-12.36217],[-76.79801,-12.36576],[-76.79841,-12.36712],[-76.79941,-12.36761],[-76.79589,-12.37119],[-76.79173,-12.37636],[-76.78898,-12.38065],[-76.78866,-12.38249],[-76.78976,-12.38475],[-76.78973,-12.38522],[-76.78795,-12.38409],[-76.78688,-12.38281],[-76.78506,-12.38168],[-76.78413,-12.38065],[-76.78248,-12.37959],[-76.78038,-12.37761],[-76.77881,-12.37706],[-76.77576,-12.37444],[-76.77487,-12.3741],[-76.77239,-12.37219],[-76.76997,-12.37057],[-76.76915,-12.36962],[-76.76601,-12.36793],[-76.76405,-12.36514],[-76.7615,-12.36318],[-76.75943,-12.3607],[-76.75828,-12.35997],[-76.75553,-12.35728],[-76.75331,-12.35603],[-76.75212,-12.35584],[-76.75037,-12.35463],[-76.74795,-12.35362],[-76.74656,-12.35333],[-76.74442,-12.35247],[-76.74297,-12.35128],[-76.74237,-12.35031],[-76.74057,-12.34876],[-76.73979,-12.34742],[-76.73636,-12.34624],[-76.73206,-12.34355],[-76.73089,-12.34331],[-76.72547,-12.34133],[-76.72259,-12.34181],[-76.72091,-12.34241],[-76.71897,-12.34236],[-76.71824,-12.34186],[-76.71412,-12.34104],[-76.71248,-12.34039],[-76.70927,-12.34036],[-76.70505,-12.34],[-76.70238,-12.33887],[-76.70141,-12.33899],[-76.69929,-12.34059],[-76.69753,-12.34082],[-76.6936,-12.33992],[-76.69108,-12.33864],[-76.68812,-12.33771],[-76.68575,-12.33633],[-76.68207,-12.33513],[-76.6806,-12.33424],[-76.67846,-12.33347]]]}},{"type":"Feature","properties":{"distrito":"Barranco","provincia":"Lima"},"geometry":{"type":"Polygon","coordinates":[[[-77.018,-12.13125],[-77.01915,-12.13127],[-77.01953,-12.13053],[-77.0217,-12.13407],[-77.023,-12.13527],[-77.02581,-12.1365],[-77.02656,-12.13778],[-77.02802,-12.13942],[-77.02829,-12.14131],[-77.02729,-12.14246],[-77.02603,-12.14446],[-77.02616,-12.14587],[-77.02497,-12.14832],[-77.02481,-12.15098],[-77.02508,-12.1526],[-77.02497,-12.15399],[-77.02543,-12.15548],[-77.02616,-12.15568],[-77.02614,-12.15716],[-77.02431,-12.15682],[-77.01942,-12.15467],[-77.01926,-12.15387],[-77.01603,-12.15563],[-77.01558,-12.15473],[-77.01835,-12.15263],[-77.01596,-12.14736],[-77.01569,-12.14651],[-77.01389,-12.14411],[-77.01418,-12.14386],[-77.01249,-12.14043],[-77.01787,-12.13576],[-77.018,-12.13125]]]}},{"type":"Feature","properties":{"distrito":"Chorrillos","provincia":"Lima"},"geometry":{"type":"Polygon","coordinates":[[[-77.01603,-12.15563],[-77.01926,-12.15387],[-77.01942,-12.15467],[-77.02431,-12.15682],[-77.02614,-12.15716],[-77.02638,-12.15879],[-77.02743,-12.15945],[-77.02703,-12.16127],[-77.02706,-12.16338],[-77.0277,-12.16534],[-77.02875,-12.16599],[-77.02994,-12.16536],[-77.0308,-12.16573],[-77.03209,-12.1656],[-77.03306,-12.16493],[-77.03365,-12.16558],[-77.03496,-12.16547],[-77.03499,-12.16627],[-77.03676,-12.16754],[-77.03808,-12.16761],[-77.03757,-12.1694],[-77.03549,-12.17124],[-77.03369,-12.17476],[-77.03352,-12.17674],[-77.03408,-12.17828],[-77.0366,-12.18025],[-77.03936,-12.18139],[-77.03958,-12.18202],[-77.03887,-12.18632],[-77.03968,-12.18723],[-77.03868,-12.18941],[-77.03859,-12.1902],[-77.03995,-12.19305],[-77.03855,-12.1939],[-77.03535,-12.19695],[-77.03434,-12.19916],[-77.03419,-12.20096],[-77.03553,-12.20218],[-77.03669,-12.20206],[-77.0365,-12.20301],[-77.0381,-12.2044],[-77.03631,-12.2061],[-77.03499,-12.20677],[-77.03288,-12.20643],[-77.03065,-12.20738],[-77.02764,-12.20832],[-77.02617,-12.20917],[-77.02307,-12.21034],[-77.01825,-12.21258],[-77.01481,-12.21404],[-76.99899,-12.22095],[-76.98967,-12.22498],[-76.98299,-12.22766],[-76.97884,-12.22965],[-76.97422,-12.23148],[-76.97112,-12.22678],[-76.97553,-12.22233],[-76.9763,-12.22017],[-76.97678,-12.21764],[-76.97755,-12.2157],[-76.98103,-12.20122],[-76.98176,-12.19957],[-76.98876,-12.18974],[-76.98858,-12.1885],[-76.98774,-12.18592],[-76.98762,-12.18144],[-76.98697,-12.17867],[-76.98629,-12.17756],[-76.98527,-12.1744],[-76.98419,-12.17248],[-76.98447,-12.17109],[-76.98562,-12.16938],[-76.9858,-12.16774],[-76.9864,-12.16746],[-76.9869,-12.16976],[-76.98766,-12.17087],[-76.98995,-12.17205],[-76.99163,-12.17204],[-76.99321,-12.17146],[-76.99548,-12.16958],[-76.99735,-12.16682],[-76.99867,-12.16656],[-76.99902,-12.16837],[-77.00064,-12.17287],[-77.00135,-12.17339],[-77.00321,-12.17299],[-77.00484,-12.17181],[-77.00575,-12.17071],[-77.00718,-12.16761],[-77.00881,-12.16576],[-77.01134,-12.16507],[-77.01173,-12.16475],[-77.01087,-12.16292],[-77.0097,-12.16126],[-77.00781,-12.16146],[-77.00745,-12.16033],[-77.01603,-12.15563]]]}},{"type":"Feature","properties":{"distrito":"San Juan de Miraflores","provincia":"Lima"},"geometry":{"type":"Polygon","coordinates":[[[-76.94775,-12.11753],[-76.94993,-12.11634],[-76.9534,-12.11561],[-76.95558,-12.11561],[-76.95702,-12.11665],[-76.95865,-12.11974],[-76.96015,-12.12015],[-76.96089,-12.12108],[-76.96168,-12.12282],[-76.96234,-12.12562],[-76.96231,-12.12707],[-76.96276,-12.12775],[-76.96453,-12.12884],[-76.9657,-12.12913],[-76.96699,-12.1303],[-76.96802,-12.13062],[-76.9708,-12.13225],[-76.97092,-12.13365],[-76.97213,-12.13392],[-76.97215,-12.13511],[-76.97379,-12.13522],[-76.97456,-12.13488],[-76.97444,-12.13677],[-76.97556,-12.13715],[-76.97494,-12.13867],[-76.97499,-12.14058],[-76.9745,-12.14209],[-76.97638,-12.14296],[-76.97704,-12.14202],[-76.97695,-12.14107],[-76.97811,-12.13918],[-76.97909,-12.13936],[-76.98076,-12.13872],[-76.9822,-12.14678],[-76.98364,-12.15129],[-76.98374,-12.15498],[-76.98324,-12.15712],[-76.98486,-12.1575],[-76.98492,-12.15989],[-76.98431,-12.16206],[-76.98377,-12.16276],[-76.98375,-12.16431],[-76.98441,-12.16645],[-76.98493,-12.16644],[-76.9864,-12.16746],[-76.9858,-12.16774],[-76.98562,-12.16938],[-76.98447,-12.17109],[-76.98419,-12.17248],[-76.98527,-12.1744],[-76.98629,-12.17756],[-76.98697,-12.17867],[-76.98762,-12.18144],[-76.98774,-12.18592],[-76.98858,-12.1885],[-76.98876,-12.18974],[-76.98176,-12.19957],[-76.98103,-12.20122],[-76.97755,-12.2157],[-76.97678,-12.21764],[-76.97649,-12.21708],[-76.9758,-12.21355],[-76.97196,-12.19198],[-76.97116,-12.19186],[-76.96931,-12.19274],[-76.96778,-12.19305],[-76.96095,-12.19253],[-76.95965,-12.19168],[-76.95852,-12.19245],[-76.95422,-12.18986],[-76.95453,-12.18928],[-76.95449,-12.18663],[-76.95408,-12.186],[-76.9524,-12.18548],[-76.95319,-12.18361],[-76.95364,-12.17968],[-76.95483,-12.17363],[-76.95523,-12.17016],[-76.95758,-12.16485],[-76.95737,-12.1631],[-76.95653,-12.16077],[-76.95683,-12.15991],[-76.95803,-12.1585],[-76.9589,-12.15676],[-76.95893,-12.1492],[-76.95871,-12.1473],[-76.95803,-12.14539],[-76.95781,-12.14352],[-76.95469,-12.13985],[-76.95294,-12.13639],[-76.95077,-12.1344],[-76.94676,-12.13242],[-76.94527,-12.13088],[-76.94527,-12.12841],[-76.94481,-12.12681],[-76.94345,-12.12459],[-76.94189,-12.12327],[-76.94109,-12.12213],[-76.94195,-12.12056],[-76.94375,-12.12015],[-76.94538,-12.11893],[-76.94709,-12.11819],[-76.94775,-12.11753]]]}},{"type":"Feature","properties":{"distrito":"Villa María del Triunfo","provincia":"Lima"},"geometry":{"type":"Polygon","coordinates":[[[-76.8897,-12.20887],[-76.89121,-12.20743],[-76.89116,-12.20494],[-76.89056,-12.20203],[-76.89204,-12.20033],[-76.89237,-12.19911],[-76.89178,-12.19784],[-76.88994,-12.1954],[-76.889,-12.19366],[-76.88814,-12.19112],[-76.88793,-12.18847],[-76.88615,-12.18718],[-76.88485,-12.18275],[-76.8831,-12.1795],[-76.88313,-12.17841],[-76.8849,-12.17601],[-76.88518,-12.17487],[-76.88461,-12.1729],[-76.88381,-12.17202],[-76.88252,-12.16987],[-76.88228,-12.16815],[-76.88322,-12.16634],[-76.88493,-12.15786],[-76.88615,-12.15449],[-76.8868,-12.15388],[-76.88901,-12.15353],[-76.89073,-12.15285],[-76.89346,-12.15077],[-76.89477,-12.14946],[-76.89608,-12.14722],[-76.89688,-12.14393],[-76.89707,-12.14154],[-76.89951,-12.13902],[-76.89993,-12.1377],[-76.9015,-12.13576],[-76.90219,-12.13347],[-76.90334,-12.132],[-76.90422,-12.13135],[-76.90631,-12.13087],[-76.90838,-12.12931],[-76.91131,-12.12844],[-76.91218,-12.12784],[-76.91227,-12.12577],[-76.91096,-12.12199],[-76.9128,-12.12138],[-76.91455,-12.12116],[-76.91794,-12.11904],[-76.92133,-12.11908],[-76.92259,-12.1202],[-76.92561,-12.1211],[-76.92794,-12.12226],[-76.92941,-12.12248],[-76.93204,-12.12342],[-76.93503,-12.12344],[-76.93785,-12.12247],[-76.94109,-12.12213],[-76.94189,-12.12327],[-76.94345,-12.12459],[-76.94481,-12.12681],[-76.94527,-12.12841],[-76.94527,-12.13088],[-76.94676,-12.13242],[-76.95077,-12.1344],[-76.95294,-12.13639],[-76.95469,-12.13985],[-76.95781,-12.14352],[-76.95803,-12.14539],[-76.95871,-12.1473],[-76.95893,-12.1492],[-76.9589,-12.15676],[-76.95803,-12.1585],[-76.95683,-12.15991],[-76.95653,-12.16077],[-76.95737,-12.1631],[-76.95758,-12.16485],[-76.95523,-12.17016],[-76.95483,-12.17363],[-76.95364,-12.17968],[-76.95319,-12.18361],[-76.9524,-12.18548],[-76.95029,-12.18485],[-76.94737,-12.18551],[-76.94225,-12.18248],[-76.94028,-12.18587],[-76.93615,-12.1927],[-76.93334,-12.19721],[-76.93125,-12.20086],[-76.92749,-12.20714],[-76.92305,-12.21298],[-76.92223,-12.21458],[-76.92085,-12.22009],[-76.9196,-12.22449],[-76.91832,-12.22605],[-76.91135,-12.22905],[-76.90961,-12.22963],[-76.91001,-12.23133],[-76.90781,-12.23231],[-76.90642,-12.23245],[-76.90542,-12.23196],[-76.90436,-12.23079],[-76.90308,-12.22823],[-76.90061,-12.21924],[-76.89943,-12.2176],[-76.89828,-12.21729],[-76.89702,-12.2165],[-76.89565,-12.21669],[-76.89378,-12.21528],[-76.89099,-12.21453],[-76.88866,-12.21291],[-76.88855,-12.21193],[-76.88972,-12.20975],[-76.8897,-12.20887]]]}},{"type":"Feature","properties":{"distrito":"Mi Perú","provincia":"Callao"},"geometry":{"type":"Polygon","coordinates":[[[-77.11082,-11.85371],[-77.11122,-11.85251],[-77.11128,-11.8509],[-77.11262,-11.85027],[-77.11394,-11.85125],[-77.11483,-11.84997],[-77.11622,-11.84861],[-77.11533,-11.8472],[-77.1141,-11.8482],[-77.11297,-11.84757],[-77.11346,-11.84602],[-77.11334,-11.84297],[-77.11509,-11.84172],[-77.11746,-11.84408],[-77.11883,-11.84571],[-77.11983,-11.84797],[-77.12048,-11.8486],[-77.12314,-11.8496],[-77.12497,-11.84952],[-77.12704,-11.85005],[-77.1288,-11.85173],[-77.12973,-11.85322],[-77.13042,-11.85957],[-77.13012,-11.86059],[-77.12924,-11.86174],[-77.1234,-11.85917],[-77.12383,-11.86058],[-77.12377,-11.86295],[-77.12319,-11.86295],[-77.12278,-11.86535],[-77.12102,-11.8651],[-77.12082,-11.86417],[-77.11986,-11.86279],[-77.11734,-11.86144],[-77.11645,-11.85985],[-77.1146,-11.85862],[-77.11437,-11.85766],[-77.11277,-11.85654],[-77.11238,-11.85546],[-77.11082,-11.85371]]]}},{"type":"Feature","properties":{"distrito":"Cercado de Lima","provincia":"Lima"},"geometry":{"type":"Polygon","coordinates":[[[-77.00316,-12.06262],[-77.00683,-12.06],[-77.00732,-12.05874],[-77.0103,-12.05618],[-77.01226,-12.05362],[-77.01132,-12.05073],[-77.01088,-12.04742],[-77.0109,-12.04376],[-77.00739,-12.04259],[-77.00701,-12.04288],[-77.00809,-12.04587],[-77.00852,-12.04648],[-77.00838,-12.04765],[-77.00678,-12.04969],[-77.00478,-12.04796],[-77.00296,-12.04695],[-77.00474,-12.04166],[-77.00567,-12.03803],[-77.00875,-12.03434],[-77.00799,-12.03347],[-77.00985,-12.03039],[-77.01168,-12.0321],[-77.01244,-12.03433],[-77.01261,-12.03732],[-77.0132,-12.03984],[-77.0149,-12.04267],[-77.01649,-12.04388],[-77.01891,-12.04439],[-77.02212,-12.04382],[-77.02729,-12.04357],[-77.03079,-12.0428],[-77.03624,-12.04057],[-77.03968,-12.03901],[-77.04341,-12.03884],[-77.04497,-12.03888],[-77.04572,-12.03852],[-77.0476,-12.03604],[-77.04892,-12.0357],[-77.0532,-12.03674],[-77.05455,-12.03645],[-77.05681,-12.03639],[-77.06285,-12.03519],[-77.06551,-12.03485],[-77.06823,-12.03471],[-77.07147,-12.03436],[-77.07454,-12.03459],[-77.07632,-12.03514],[-77.0779,-12.03527],[-77.07978,-12.03584],[-77.08294,-12.03637],[-77.08259,-12.0392],[-77.08317,-12.03925],[-77.08263,-12.04504],[-77.08172,-12.04496],[-77.08155,-12.04702],[-77.07703,-12.04665],[-77.07707,-12.048],[-77.07842,-12.05007],[-77.08791,-12.05175],[-77.08767,-12.05199],[-77.08847,-12.05868],[-77.08815,-12.06161],[-77.08305,-12.06127],[-77.07894,-12.06026],[-77.07854,-12.0624],[-77.07773,-12.06855],[-77.06566,-12.06761],[-77.06117,-12.06752],[-77.05926,-12.06207],[-77.05755,-12.05555],[-77.0554,-12.05262],[-77.05375,-12.04913],[-77.05208,-12.04934],[-77.0456,-12.05069],[-77.0424,-12.05087],[-77.04151,-12.0602],[-77.04575,-12.06535],[-77.0376,-12.06428],[-77.03811,-12.06788],[-77.03632,-12.07987],[-77.02807,-12.07871],[-77.03532,-12.06038],[-77.03541,-12.05955],[-77.01742,-12.05746],[-77.01661,-12.05889],[-77.01559,-12.0614],[-77.01077,-12.06083],[-77.00316,-12.06262]]]}},{"type":"Feature","properties":{"distrito":"El Agustino","provincia":"Lima"},"geometry":{"type":"Polygon","coordinates":[[[-76.93737,-12.022],[-76.94015,-12.02137],[-76.94332,-12.02149],[-76.94766,-12.02089],[-76.94914,-12.02106],[-76.95148,-12.02198],[-76.95363,-12.02186],[-76.95628,-12.02313],[-76.96019,-12.02399],[-76.96486,-12.0261],[-76.96709,-12.02673],[-76.97259,-12.0264],[-76.97442,-12.02606],[-76.97705,-12.02608],[-76.98015,-12.0255],[-76.98203,-12.02558],[-76.98668,-12.0265],[-76.99116,-12.02684],[-76.99581,-12.02704],[-77.00062,-12.02801],[-77.00498,-12.0296],[-77.0086,-12.02989],[-77.00985,-12.03039],[-77.00799,-12.03347],[-77.00875,-12.03434],[-77.00567,-12.03803],[-77.00474,-12.04166],[-77.00296,-12.04695],[-77.00478,-12.04796],[-77.00678,-12.04969],[-77.00838,-12.04765],[-77.00852,-12.04648],[-77.00809,-12.04587],[-77.00701,-12.04288],[-77.00739,-12.04259],[-77.0109,-12.04376],[-77.01088,-12.04742],[-77.01132,-12.05073],[-77.01226,-12.05362],[-77.0103,-12.05618],[-77.00732,-12.05874],[-77.00683,-12.06],[-77.00316,-12.06262],[-77.00285,-12.06158],[-77.00182,-12.06185],[-76.99993,-12.06147],[-76.99984,-12.0606],[-76.9978,-12.06084],[-76.99638,-12.05934],[-76.99405,-12.05736],[-76.99224,-12.05692],[-76.99122,-12.05731],[-76.98842,-12.05898],[-76.98241,-12.06024],[-76.98255,-12.06182],[-76.98191,-12.06298],[-76.9785,-12.06066],[-76.97317,-12.05846],[-76.97535,-12.05387],[-76.978,-12.05505],[-76.98086,-12.05522],[-76.98292,-12.05637],[-76.98386,-12.05702],[-76.98502,-12.05737],[-76.9856,-12.05711],[-76.98888,-12.05289],[-76.98913,-12.05059],[-76.98849,-12.04871],[-76.98586,-12.04744],[-76.98459,-12.04425],[-76.98549,-12.04352],[-76.98699,-12.04163],[-76.98768,-12.04051],[-76.98804,-12.03952],[-76.98511,-12.03994],[-76.98443,-12.03944],[-76.98323,-12.04014],[-76.98215,-12.04038],[-76.98137,-12.04049],[-76.98101,-12.04053],[-76.98003,-12.04058],[-76.97834,-12.04029],[-76.97743,-12.04049],[-76.976,-12.04042],[-76.97512,-12.04024],[-76.97422,-12.03992],[-76.96866,-12.03574],[-76.96652,-12.0341],[-76.96484,-12.0329],[-76.96306,-12.03177],[-76.95882,-12.03005],[-76.95691,-12.02947],[-76.95583,-12.02959],[-76.95563,-12.02884],[-76.95505,-12.02781],[-76.9541,-12.02596],[-76.95317,-12.02388],[-76.94796,-12.02391],[-76.94698,-12.02323],[-76.9455,-12.02311],[-76.94403,-12.02252],[-76.94205,-12.02235],[-76.9398,-12.02218],[-76.93919,-12.02221],[-76.9377,-12.02228],[-76.93737,-12.022]]]}},{"type":"Feature","properties":{"distrito":"Independencia","provincia":"Lima"},"geometry":{"type":"Polygon","coordinates":[[[-77.03065,-11.99639],[-77.03023,-11.99254],[-77.03035,-11.98621],[-77.03001,-11.98491],[-77.02891,-11.98284],[-77.02867,-11.98183],[-77.02945,-11.97567],[-77.02956,-11.97111],[-77.02888,-11.96864],[-77.02749,-11.96633],[-77.02879,-11.96402],[-77.02872,-11.96252],[-77.02828,-11.96068],[-77.03011,-11.9616],[-77.0323,-11.96163],[-77.03379,-11.9619],[-77.03696,-11.96425],[-77.04002,-11.96576],[-77.04124,-11.96585],[-77.04547,-11.96558],[-77.04758,-11.96613],[-77.05064,-11.96841],[-77.05244,-11.97095],[-77.0534,-11.97289],[-77.05509,-11.97354],[-77.05698,-11.9753],[-77.05752,-11.97465],[-77.0581,-11.97679],[-77.05987,-11.97727],[-77.06014,-11.97661],[-77.06471,-11.97744],[-77.06561,-11.97821],[-77.06561,-11.98031],[-77.06214,-12.00253],[-77.06212,-12.00329],[-77.06132,-12.00837],[-77.05368,-12.00747],[-77.05302,-12.01105],[-77.05027,-12.01054],[-77.04971,-12.0108],[-77.04865,-12.01337],[-77.04874,-12.01493],[-77.04767,-12.01625],[-77.04739,-12.0172],[-77.04596,-12.01666],[-77.04488,-12.01171],[-77.04393,-12.01012],[-77.0368,-12.00347],[-77.03243,-12.00015],[-77.03122,-11.99806],[-77.03065,-11.99639]]]}},{"type":"Feature","properties":{"distrito":"San Martín de Porres","provincia":"Lima"},"geometry":{"type":"Polygon","coordinates":[[[-77.07882,-12.01249],[-77.0799,-12.01266],[-77.08213,-12.00792],[-77.08479,-11.99631],[-77.08415,-11.99483],[-77.08223,-11.99136],[-77.08128,-11.98927],[-77.07882,-11.98476],[-77.07839,-11.98324],[-77.08591,-11.98251],[-77.08314,-11.97662],[-77.08577,-11.9758],[-77.08773,-11.97392],[-77.08533,-11.97113],[-77.08369,-11.96822],[-77.08345,-11.9647],[-77.08397,-11.96196],[-77.08518,-11.95366],[-77.08585,-11.95009],[-77.08598,-11.94684],[-77.08397,-11.94029],[-77.08371,-11.93886],[-77.08389,-11.93674],[-77.08504,-11.93788],[-77.08739,-11.94142],[-77.09078,-11.94438],[-77.09207,-11.94478],[-77.09423,-11.94649],[-77.09436,-11.94854],[-77.09522,-11.94968],[-77.09677,-11.95001],[-77.10163,-11.94956],[-77.10628,-11.94887],[-77.10805,-11.94843],[-77.11139,-11.94691],[-77.11359,-11.94621],[-77.11581,-11.94622],[-77.11722,-11.94536],[-77.11849,-11.94526],[-77.11912,-11.94479],[-77.12069,-11.94513],[-77.1209,-11.94443],[-77.12212,-11.9435],[-77.12282,-11.94344],[-77.12438,-11.94091],[-77.12459,-11.93951],[-77.12695,-11.93913],[-77.1285,-11.93756],[-77.12849,-11.93927],[-77.12746,-11.94241],[-77.12646,-11.94366],[-77.12403,-11.94596],[-77.12292,-11.94835],[-77.12113,-11.94971],[-77.12068,-11.95064],[-77.12031,-11.95331],[-77.11943,-11.95452],[-77.11793,-11.95593],[-77.11772,-11.95746],[-77.11783,-11.96142],[-77.11835,-11.97113],[-77.11688,-11.97122],[-77.11566,-11.97073],[-77.11461,-11.97164],[-77.11131,-11.97324],[-77.1112,-11.97791],[-77.11289,-11.9799],[-77.11264,-11.98173],[-77.11301,-11.98273],[-77.11451,-11.98458],[-77.11729,-11.99065],[-77.11844,-11.99165],[-77.1184,-11.99351],[-77.11798,-11.99446],[-77.11625,-11.99574],[-77.11329,-11.99691],[-77.1126,-11.99684],[-77.11026,-11.99406],[-77.10949,-11.99495],[-77.10705,-11.99936],[-77.10439,-12.00024],[-77.10357,-11.9984],[-77.10269,-11.99845],[-77.10249,-11.99961],[-77.10032,-12.00391],[-77.09817,-12.00453],[-77.09759,-12.00592],[-77.09665,-12.00561],[-77.09528,-12.00447],[-77.09387,-12.00792],[-77.09418,-12.0087],[-77.09351,-12.00999],[-77.0916,-12.00948],[-77.09162,-12.01018],[-77.09075,-12.01186],[-77.08912,-12.01216],[-77.08761,-12.01454],[-77.08728,-12.01563],[-77.08786,-12.01621],[-77.08984,-12.01941],[-77.09137,-12.02266],[-77.09069,-12.02307],[-77.09258,-12.02679],[-77.09401,-12.03004],[-77.09442,-12.03],[-77.09618,-12.0337],[-77.09495,-12.03428],[-77.09509,-12.03663],[-77.09346,-12.03628],[-77.09351,-12.03814],[-77.08522,-12.03695],[-77.08294,-12.03637],[-77.07978,-12.03584],[-77.0779,-12.03527],[-77.07632,-12.03514],[-77.07454,-12.03459],[-77.07147,-12.03436],[-77.06823,-12.03471],[-77.06551,-12.03485],[-77.06285,-12.03519],[-77.05681,-12.03639],[-77.05455,-12.03645],[-77.0532,-12.03674],[-77.04892,-12.0357],[-77.0476,-12.03604],[-77.04572,-12.03852],[-77.04497,-12.03888],[-77.04341,-12.03884],[-77.04436,-12.02841],[-77.05009,-12.02315],[-77.05046,-12.02271],[-77.05302,-12.01105],[-77.05368,-12.00747],[-77.06132,-12.00837],[-77.06429,-12.00894],[-77.07048,-12.01097],[-77.07226,-12.01143],[-77.07333,-12.0116],[-77.07492,-12.01186],[-77.07801,-12.01236],[-77.07882,-12.01249]]]}},{"type":"Feature","properties":{"distrito":"San Juan de Lurigancho","provincia":"Lima"},"geometry":{"type":"Polygon","coordinates":[[[-76.92396,-11.86926],[-76.92505,-11.86992],[-76.9282,-11.87077],[-76.93118,-11.87037],[-76.93418,-11.87027],[-76.93622,-11.86935],[-76.93967,-11.86577],[-76.9403,-11.86488],[-76.94118,-11.86273],[-76.94228,-11.86087],[-76.94353,-11.86154],[-76.94735,-11.86167],[-76.95134,-11.86449],[-76.95454,-11.8662],[-76.95652,-11.86857],[-76.95776,-11.87144],[-76.96156,-11.87335],[-76.96413,-11.87538],[-76.96613,-11.87754],[-76.9682,-11.8793],[-76.97028,-11.88215],[-76.9748,-11.88658],[-76.98046,-11.89154],[-76.98379,-11.89374],[-76.98621,-11.89565],[-76.9893,-11.89848],[-76.98941,-11.89951],[-76.98902,-11.90089],[-76.9892,-11.90411],[-76.98989,-11.90578],[-76.99153,-11.90806],[-76.99168,-11.90948],[-76.99081,-11.91203],[-76.98938,-11.91443],[-76.98755,-11.91677],[-76.98739,-11.9175],[-76.98834,-11.91856],[-76.98949,-11.91885],[-76.99535,-11.91812],[-76.9975,-11.91846],[-76.99821,-11.91914],[-76.99926,-11.92104],[-76.99958,-11.92352],[-77.00064,-11.9249],[-77.00222,-11.92535],[-77.00501,-11.92813],[-77.00671,-11.93042],[-77.00784,-11.93137],[-77.01376,-11.93528],[-77.01532,-11.9366],[-77.016,-11.93672],[-77.01805,-11.93572],[-77.02033,-11.93608],[-77.0201,-11.93686],[-77.017,-11.93855],[-77.01624,-11.9398],[-77.01607,-11.94195],[-77.0172,-11.94639],[-77.01764,-11.94958],[-77.01905,-11.95187],[-77.02333,-11.95452],[-77.02592,-11.95693],[-77.02701,-11.95831],[-77.02828,-11.96068],[-77.02872,-11.96252],[-77.02879,-11.96402],[-77.02749,-11.96633],[-77.02888,-11.96864],[-77.02956,-11.97111],[-77.02945,-11.97567],[-77.02867,-11.98183],[-77.02891,-11.98284],[-77.03001,-11.98491],[-77.03035,-11.98621],[-77.03023,-11.99254],[-77.03065,-11.99639],[-77.02919,-11.99777],[-77.02817,-12.00347],[-77.02557,-12.00606],[-77.02535,-12.00824],[-77.02334,-12.01015],[-77.02281,-12.01183],[-77.02082,-12.01461],[-77.01995,-12.01705],[-77.01958,-12.01952],[-77.01961,-12.02108],[-77.02054,-12.02331],[-77.02216,-12.02557],[-77.02205,-12.02818],[-77.02133,-12.02936],[-77.01892,-12.0323],[-77.01646,-12.03603],[-77.01471,-12.03693],[-77.01261,-12.03732],[-77.01244,-12.03433],[-77.01168,-12.0321],[-77.00985,-12.03039],[-77.0086,-12.02989],[-77.00498,-12.0296],[-77.00062,-12.02801],[-76.99581,-12.02704],[-76.99116,-12.02684],[-76.98668,-12.0265],[-76.98203,-12.02558],[-76.98015,-12.0255],[-76.97705,-12.02608],[-76.97442,-12.02606],[-76.97259,-12.0264],[-76.96709,-12.02673],[-76.96486,-12.0261],[-76.96019,-12.02399],[-76.95628,-12.02313],[-76.95363,-12.02186],[-76.95274,-12.01972],[-76.95272,-12.01862],[-76.954,-12.01386],[-76.95558,-12.01125],[-76.96133,-12.00645],[-76.96406,-12.00525],[-76.96643,-12.00477],[-76.96741,-12.00428],[-76.96891,-12.00261],[-76.9695,-12.00087],[-76.97118,-11.99798],[-76.97099,-11.99592],[-76.97047,-11.99542],[-76.96754,-11.99377],[-76.96643,-11.9927],[-76.96438,-11.98791],[-76.96231,-11.98412],[-76.96065,-11.98187],[-76.95899,-11.98009],[-76.95803,-11.97676],[-76.9581,-11.97588],[-76.95417,-11.97136],[-76.95399,-11.96968],[-76.95263,-11.96773],[-76.95104,-11.96389],[-76.95089,-11.96225],[-76.95086,-11.95841],[-76.95043,-11.95597],[-76.95038,-11.95382],[-76.949,-11.95248],[-76.94701,-11.95217],[-76.9441,-11.95307],[-76.94151,-11.95221],[-76.93943,-11.95058],[-76.93763,-11.94808],[-76.93636,-11.9472],[-76.93404,-11.94639],[-76.93312,-11.94585],[-76.93197,-11.94424],[-76.93126,-11.94223],[-76.92964,-11.94055],[-76.92938,-11.93943],[-76.92965,-11.93682],[-76.92776,-11.93425],[-76.92465,-11.93225],[-76.92015,-11.93079],[-76.91845,-11.93006],[-76.91555,-11.92742],[-76.91417,-11.92552],[-76.91492,-11.92339],[-76.91811,-11.9203],[-76.91827,-11.91978],[-76.91806,-11.91677],[-76.91712,-11.91526],[-76.91652,-11.91285],[-76.91713,-11.91102],[-76.91761,-11.90843],[-76.91776,-11.90558],[-76.91632,-11.90293],[-76.91478,-11.90086],[-76.91424,-11.89954],[-76.91364,-11.89655],[-76.91335,-11.89144],[-76.91252,-11.88868],[-76.91192,-11.88812],[-76.91042,-11.88798],[-76.90445,-11.88611],[-76.90354,-11.88555],[-76.90062,-11.88292],[-76.89766,-11.882],[-76.89694,-11.88127],[-76.89655,-11.88005],[-76.8968,-11.87803],[-76.89756,-11.87555],[-76.89773,-11.87184],[-76.89631,-11.86934],[-76.89599,-11.86775],[-76.8953,-11.86624],[-76.89423,-11.86471],[-76.89591,-11.86416],[-76.89791,-11.86432],[-76.90054,-11.864],[-76.90384,-11.86495],[-76.90556,-11.8647],[-76.90841,-11.86469],[-76.91367,-11.86518],[-76.91634,-11.86574],[-76.91836,-11.86693],[-76.92131,-11.86823],[-76.92396,-11.86926]]]}},{"type":"Feature","properties":{"distrito":"Magdalena del Mar","provincia":"Lima"},"geometry":{"type":"Polygon","coordinates":[[[-77.0721,-12.08358],[-77.07354,-12.08581],[-77.07392,-12.08568],[-77.07491,-12.0875],[-77.07375,-12.08796],[-77.07409,-12.08894],[-77.07511,-12.0886],[-77.07768,-12.09559],[-77.07794,-12.09582],[-77.07423,-12.09787],[-77.07249,-12.09907],[-77.07202,-12.09998],[-77.06795,-12.10257],[-77.06553,-12.10434],[-77.06331,-12.10636],[-77.06133,-12.10777],[-77.06043,-12.10659],[-77.06031,-12.10517],[-77.06078,-12.10213],[-77.0602,-12.09989],[-77.05838,-12.09667],[-77.05888,-12.0964],[-77.05738,-12.09255],[-77.05577,-12.09339],[-77.055,-12.09191],[-77.06321,-12.08648],[-77.06438,-12.08633],[-77.0721,-12.08358]]]}},{"type":"Feature","properties":{"distrito":"San Isidro","provincia":"Lima"},"geometry":{"type":"Polygon","coordinates":[[[-77.02281,-12.09081],[-77.03017,-12.09191],[-77.02988,-12.09119],[-77.03346,-12.09073],[-77.03373,-12.08917],[-77.04317,-12.09045],[-77.04306,-12.0912],[-77.04645,-12.09167],[-77.04762,-12.09158],[-77.04859,-12.08502],[-77.05012,-12.08692],[-77.05327,-12.09302],[-77.055,-12.09191],[-77.05577,-12.09339],[-77.05738,-12.09255],[-77.05888,-12.0964],[-77.05838,-12.09667],[-77.0602,-12.09989],[-77.06078,-12.10213],[-77.06031,-12.10517],[-77.06043,-12.10659],[-77.06133,-12.10777],[-77.06048,-12.10827],[-77.05603,-12.11158],[-77.05446,-12.10987],[-77.05327,-12.10896],[-77.0514,-12.11035],[-77.04927,-12.10837],[-77.04669,-12.11094],[-77.04619,-12.11046],[-77.04415,-12.11048],[-77.04311,-12.11085],[-77.04046,-12.10835],[-77.03904,-12.10975],[-77.03825,-12.10897],[-77.03716,-12.11007],[-77.03661,-12.11002],[-77.03149,-12.10355],[-77.02738,-12.10288],[-77.01877,-12.10192],[-77.01641,-12.1023],[-77.01612,-12.10356],[-77.01655,-12.10557],[-77.01469,-12.10804],[-77.0105,-12.10729],[-77.01192,-12.10082],[-77.01212,-12.09911],[-77.01162,-12.0971],[-77.00771,-12.08986],[-77.00765,-12.08867],[-77.00985,-12.08896],[-77.02281,-12.09081]]]}}]}